{"classes":[{"testCases":[{"success":"1","methodName":"test1"},{"success":"1","methodName":"test0"}],"className":"BPlusTree_Test"},{"testCases":[{"success":"1","methodName":"test03"},{"success":"1","methodName":"test02"},{"success":"1","methodName":"test01"},{"success":"1","methodName":"test05"},{"success":"1","methodName":"test04"},{"success":"1","methodName":"test00"},{"success":"1","methodName":"test06"},{"success":"1","methodName":"test07"},{"success":"1","methodName":"test08"},{"success":"1","methodName":"test09"},{"success":"1","methodName":"test10"},{"success":"1","methodName":"test11"},{"success":"1","methodName":"test12"},{"success":"1","methodName":"test13"},{"success":"1","methodName":"test14"},{"success":"1","methodName":"test15"},{"success":"1","methodName":"test16"},{"success":"1","methodName":"test17"},{"success":"1","methodName":"test18"},{"success":"1","methodName":"test19"},{"success":"1","methodName":"test20"},{"success":"1","methodName":"test21"},{"success":"1","methodName":"test22"},{"success":"1","methodName":"test23"},{"success":"1","methodName":"test24"},{"success":"1","methodName":"test25"},{"success":"1","methodName":"test26"},{"success":"1","methodName":"test27"},{"success":"1","methodName":"test28"},{"success":"1","methodName":"test29"},{"success":"1","methodName":"test30"},{"success":"1","methodName":"test31"},{"success":"1","methodName":"test32"},{"success":"1","methodName":"test33"},{"success":"1","methodName":"test34"},{"success":"1","methodName":"test35"},{"success":"1","methodName":"test36"}],"className":"InternalNode_Test"},{"testCases":[{"success":"1","methodName":"test03"},{"success":"1","methodName":"test02"},{"success":"1","methodName":"test01"},{"success":"1","methodName":"test05"},{"success":"1","methodName":"test04"},{"success":"1","methodName":"test00"},{"success":"1","methodName":"test06"},{"success":"1","methodName":"test07"},{"success":"1","methodName":"test08"},{"success":"1","methodName":"test09"},{"success":"1","methodName":"test10"},{"success":"1","methodName":"test11"},{"success":"1","methodName":"test12"},{"success":"1","methodName":"test13"}],"className":"InsertionResult_Test"},{"testCases":[{"success":"1","methodName":"test03"},{"success":"1","methodName":"test02"},{"success":"1","methodName":"test01"},{"success":"1","methodName":"test05"},{"success":"1","methodName":"test04"},{"success":"1","methodName":"test00"},{"success":"1","methodName":"test06"},{"success":"1","methodName":"test07"},{"success":"1","methodName":"test08"},{"success":"1","methodName":"test09"},{"success":"1","methodName":"test10"},{"success":"1","methodName":"test11"},{"success":"1","methodName":"test12"},{"success":"1","methodName":"test13"},{"success":"1","methodName":"test14"},{"success":"1","methodName":"test15"},{"success":"1","methodName":"test16"},{"success":"1","methodName":"test17"},{"success":"1","methodName":"test18"},{"success":"1","methodName":"test19"},{"success":"1","methodName":"test20"},{"success":"1","methodName":"test21"},{"success":"1","methodName":"test22"},{"success":"1","methodName":"test23"},{"success":"1","methodName":"test24"},{"success":"1","methodName":"test25"},{"success":"1","methodName":"test26"},{"success":"1","methodName":"test27"},{"success":"1","methodName":"test28"},{"success":"1","methodName":"test29"},{"success":"1","methodName":"test30"}],"className":"LeafNode_Test"},{"testCases":[{"success":"1","methodName":"test03"},{"success":"1","methodName":"test02"},{"success":"1","methodName":"test01"},{"success":"1","methodName":"test05"},{"success":"1","methodName":"test04"},{"success":"1","methodName":"test00"},{"success":"1","methodName":"test06"},{"success":"1","methodName":"test07"},{"success":"1","methodName":"test08"},{"success":"1","methodName":"test09"},{"success":"1","methodName":"test10"},{"success":"1","methodName":"test11"},{"success":"1","methodName":"test12"},{"success":"1","methodName":"test13"},{"success":"1","methodName":"test14"},{"success":"1","methodName":"test15"},{"success":"1","methodName":"test16"},{"success":"1","methodName":"test17"},{"success":"1","methodName":"test18"}],"className":"IntegerBloomFilter_Test"},{"testCases":[{"success":"1","methodName":"test03"},{"success":"1","methodName":"test02"},{"success":"1","methodName":"test01"},{"success":"1","methodName":"test05"},{"success":"1","methodName":"test04"},{"success":"1","methodName":"test00"},{"success":"1","methodName":"test06"},{"success":"1","methodName":"test07"},{"success":"1","methodName":"test08"},{"success":"1","methodName":"test09"},{"success":"1","methodName":"test10"},{"success":"1","methodName":"test11"},{"success":"1","methodName":"test12"},{"success":"1","methodName":"test13"},{"success":"1","methodName":"test14"},{"success":"1","methodName":"test15"},{"success":"1","methodName":"test16"},{"success":"1","methodName":"test17"},{"success":"1","methodName":"test18"},{"success":"1","methodName":"test19"},{"success":"1","methodName":"test20"},{"success":"1","methodName":"test21"}],"className":"Node_Test"}],"totalNum":125,"proName":"BPlusTree","successNum":125,"failureNum":0}