{
  "3": {
    "instructions": [{"goto block_5": {
      "eline": 86,
      "epos": 56,
      "spos": 25,
      "sline": 86
    }}],
    "preds": [2],
    "succs": [5]
  },
  "2": {
    "instructions": [
      {"temp$2 = virtualinvoke result.<InsertionResult: java.lang.Integer getSplitRootKey()>()": {
        "eline": 86,
        "epos": 56,
        "spos": 25,
        "sline": 86
      }},
      {"if temp$2 != null goto block_4 #0": {
        "eline": 86,
        "epos": 56,
        "ifpos": "(85, 2)-(85, 56)",
        "spos": 25,
        "sline": 86
      }}
    ],
    "preds": [0],
    "succs": [
      3,
      4
    ]
  },
  "10": {
    "instructions": [
      {"temp$8 = this.<BPlusTree: IntegerBloomFilter filter>": {
        "eline": 94,
        "epos": 12,
        "spos": 7,
        "sline": 94
      }},
      {"if temp$8 != null goto block_12 #2": {
        "eline": 94,
        "epos": 12,
        "ifpos": "(93, 2)-(93, 20)",
        "spos": 7,
        "sline": 94
      }}
    ],
    "preds": [
      6,
      8,
      9
    ],
    "succs": [
      11,
      12
    ]
  },
  "1": {
    "instructions": [{"goto block_5": {
      "eline": 86,
      "epos": 20,
      "spos": 7,
      "sline": 86
    }}],
    "preds": [0],
    "succs": [5]
  },
  "0": {
    "instructions": [
      {"temp$0 = this.<BPlusTree: Node root>": {
        "eline": 83,
        "epos": 38,
        "spos": 35,
        "sline": 83
      }},
      {"temp$1 = virtualinvoke temp$0.<Node: InsertionResult insert(int,java.lang.Object)>(key, value)": {
        "eline": 83,
        "epos": 38,
        "spos": 35,
        "sline": 83
      }},
      {"result = temp$1": {
        "eline": 83,
        "epos": 38,
        "spos": 35,
        "sline": 83
      }},
      {"if result != null goto block_2 #0": {
        "eline": 86,
        "epos": 20,
        "ifpos": "(85, 2)-(85, 56)",
        "spos": 7,
        "sline": 86
      }}
    ],
    "preds": [],
    "succs": [
      1,
      2
    ]
  },
  "7": {
    "instructions": [
      {"temp$5 = virtualinvoke result.<InsertionResult: int getMinGap()>()": {
        "eline": 90,
        "epos": 51,
        "spos": 25,
        "sline": 90
      }},
      {"temp$6 = this.<BPlusTree: int minGap>": {
        "eline": 90,
        "epos": 51,
        "spos": 46,
        "sline": 90
      }},
      {"if temp$5 < temp$6 goto block_9 #1": {
        "eline": 90,
        "epos": 51,
        "ifpos": "(89, 2)-(89, 51)",
        "spos": 46,
        "sline": 90
      }}
    ],
    "preds": [5],
    "succs": [
      8,
      9
    ]
  },
  "6": {
    "instructions": [{"goto block_10": {
      "eline": 90,
      "epos": 20,
      "spos": 7,
      "sline": 90
    }}],
    "preds": [5],
    "succs": [10]
  },
  "5": {
    "instructions": [{"if result != null goto block_7 #1": {
      "eline": 90,
      "epos": 20,
      "ifpos": "(89, 2)-(89, 51)",
      "spos": 7,
      "sline": 90
    }}],
    "preds": [
      1,
      3,
      4
    ],
    "succs": [
      6,
      7
    ]
  },
  "4": {
    "instructions": [
      {"temp$3 = new InternalNode": {
        "eline": 87,
        "epos": 7,
        "spos": 4,
        "sline": 87
      }},
      {"temp$4 = this.<BPlusTree: int t>": {
        "eline": 87,
        "epos": 35,
        "spos": 35,
        "sline": 87
      }},
      {"specialinvoke temp$3.<InternalNode: void <init>(int,InsertionResult)>(temp$4, result)": {
        "eline": 87,
        "epos": 44,
        "spos": 11,
        "sline": 87
      }},
      {"this.<BPlusTree: Node root> = temp$3": {
        "eline": 87,
        "epos": 7,
        "spos": 4,
        "sline": 87
      }}
    ],
    "preds": [2],
    "succs": [5]
  },
  "9": {
    "instructions": [
      {"temp$7 = virtualinvoke result.<InsertionResult: int getMinGap()>()": {
        "eline": 91,
        "epos": 9,
        "spos": 4,
        "sline": 91
      }},
      {"this.<BPlusTree: int minGap> = temp$7": {
        "eline": 91,
        "epos": 9,
        "spos": 4,
        "sline": 91
      }}
    ],
    "preds": [7],
    "succs": [10]
  },
  "8": {
    "instructions": [{"goto block_10": {
      "eline": 90,
      "epos": 51,
      "spos": 46,
      "sline": 90
    }}],
    "preds": [7],
    "succs": [10]
  },
  "13": {
    "instructions": [{"return": {
      "eline": 95,
      "epos": 9,
      "spos": 4,
      "sline": 95
    }}],
    "preds": [
      11,
      12
    ],
    "succs": []
  },
  "11": {
    "instructions": [{"goto block_13": {
      "eline": 94,
      "epos": 12,
      "spos": 7,
      "sline": 94
    }}],
    "preds": [10],
    "succs": [13]
  },
  "12": {
    "instructions": [
      {"temp$9 = this.<BPlusTree: IntegerBloomFilter filter>": {
        "eline": 95,
        "epos": 9,
        "spos": 4,
        "sline": 95
      }},
      {"virtualinvoke temp$9.<IntegerBloomFilter: void add(int)>(key)": {
        "eline": 95,
        "epos": 9,
        "spos": 4,
        "sline": 95
      }}
    ],
    "preds": [10],
    "succs": [13]
  }
}