{
  "3": {
    "instructions": [
      {"virtualinvoke sb.<java.lang.StringBuilder: java.lang.StringBuilder append(java.lang.Object)>(current)": {
        "eline": 159,
        "epos": 22,
        "spos": 4,
        "sline": 159
      }},
      {"temp$2 = virtualinvoke current.<LeafNode: LeafNode getNext()>()": {
        "eline": 160,
        "epos": 31,
        "spos": 4,
        "sline": 160
      }},
      {"current = temp$2": {
        "eline": 160,
        "epos": 10,
        "spos": 4,
        "sline": 160
      }},
      {"goto block_1": {
        "eline": 161,
        "epos": 3,
        "spos": 3,
        "sline": 158
      }}
    ],
    "preds": [1],
    "succs": [1]
  },
  "2": {
    "instructions": [{"goto block_4": {
      "eline": 158,
      "epos": 24,
      "spos": 10,
      "sline": 158
    }}],
    "preds": [1],
    "succs": [4]
  },
  "1": {
    "instructions": [{"if current != null goto block_3 #0": {
      "eline": 158,
      "epos": 24,
      "ifpos": "(157, 2)-(157, 24)",
      "spos": 10,
      "sline": 158
    }}],
    "preds": [
      0,
      3
    ],
    "succs": [
      2,
      3
    ]
  },
  "0": {
    "instructions": [
      {"temp$0 = new java.lang.StringBuilder": {
        "eline": 154,
        "epos": 41,
        "spos": 3,
        "sline": 154
      }},
      {"specialinvoke temp$0.<java.lang.StringBuilder: void <init>()>()": {
        "eline": 154,
        "epos": 40,
        "spos": 22,
        "sline": 154
      }},
      {"sb = temp$0": {
        "eline": 154,
        "epos": 40,
        "spos": 22,
        "sline": 154
      }},
      {"current = this.<BPlusTree: LeafNode first>": {
        "eline": 155,
        "epos": 33,
        "spos": 29,
        "sline": 155
      }}
    ],
    "preds": [],
    "succs": [1]
  },
  "4": {
    "instructions": [
      {"temp$3 = virtualinvoke sb.<java.lang.StringBuilder: java.lang.String toString()>()": {
        "eline": 161,
        "epos": 3,
        "spos": 3,
        "sline": 158
      }},
      {"return temp$3": {
        "eline": 163,
        "epos": 23,
        "spos": 3,
        "sline": 163
      }}
    ],
    "preds": [2],
    "succs": []
  }
}