{
  "3": {
    "instructions": [
      {"temp$1 = (InternalNode) current": {
        "eline": 49,
        "epos": 62,
        "spos": 4,
        "sline": 49
      }},
      {"temp$2 = virtualinvoke temp$1.<InternalNode: Node getChildNode(int)>(key)": {
        "eline": 49,
        "epos": 62,
        "spos": 4,
        "sline": 49
      }},
      {"current = temp$2": {
        "eline": 49,
        "epos": 10,
        "spos": 4,
        "sline": 49
      }},
      {"goto block_1": {
        "eline": 50,
        "epos": 3,
        "spos": 3,
        "sline": 48
      }}
    ],
    "preds": [1],
    "succs": [1]
  },
  "2": {
    "instructions": [{"goto block_4": {
      "eline": 48,
      "epos": 38,
      "spos": 12,
      "sline": 48
    }}],
    "preds": [1],
    "succs": [4]
  },
  "1": {
    "instructions": [
      {"temp$0 = current instanceof LeafNode": {
        "eline": 48,
        "epos": 38,
        "spos": 12,
        "sline": 48
      }},
      {"if temp$0 == 0 goto block_3 #0": {
        "eline": 48,
        "epos": 38,
        "ifpos": "(47, 2)-(47, 39)",
        "spos": 12,
        "sline": 48
      }}
    ],
    "preds": [
      0,
      3
    ],
    "succs": [
      2,
      3
    ]
  },
  "0": {
    "instructions": [{"current = this.<BPlusTree: Node root>": {
      "eline": 46,
      "epos": 28,
      "spos": 25,
      "sline": 46
    }}],
    "preds": [],
    "succs": [1]
  },
  "4": {
    "instructions": [
      {"temp$3 = (LeafNode) current": {
        "eline": 50,
        "epos": 3,
        "spos": 3,
        "sline": 48
      }},
      {"return temp$3": {
        "eline": 52,
        "epos": 34,
        "spos": 3,
        "sline": 52
      }}
    ],
    "preds": [2],
    "succs": []
  }
}