{
  "result": {
    "2": [0],
    "0": [0],
    "7": [0],
    "5": [0],
    "4": [0],
    "9": [0]
  },
  "temp$1": {"0": [0]},
  "temp$0": {"0": [0]},
  "temp$3": {"4": [4]},
  "temp$2": {"2": [2]},
  "temp$5": {"7": [7]},
  "temp$4": {"4": [4]},
  "temp$7": {"9": [9]},
  "temp$6": {"7": [7]},
  "temp$9": {"12": [12]},
  "value": {"0": [0]},
  "temp$8": {"10": [10]},
  "this": {
    "10": [0],
    "0": [0],
    "7": [0],
    "4": [0],
    "9": [0],
    "12": [0]
  },
  "key": {
    "0": [0],
    "12": [0]
  }
}