{
  "3": {
    "instructions": [{"if continueToSearch == 0 goto block_6 #1": {
      "eline": 66,
      "epos": 22,
      "ifpos": "(65, 2)-(65, 22)",
      "spos": 7,
      "sline": 66
    }}],
    "preds": [
      1,
      2
    ],
    "succs": [
      4,
      6
    ]
  },
  "2": {
    "instructions": [
      {"temp$1 = this.<BPlusTree: IntegerBloomFilter filter>": {
        "eline": 64,
        "epos": 28,
        "spos": 23,
        "sline": 64
      }},
      {"temp$2 = virtualinvoke temp$1.<IntegerBloomFilter: boolean contains(int)>(key)": {
        "eline": 64,
        "epos": 28,
        "spos": 23,
        "sline": 64
      }},
      {"continueToSearch = temp$2": {
        "eline": 64,
        "epos": 19,
        "spos": 4,
        "sline": 64
      }}
    ],
    "preds": [0],
    "succs": [3]
  },
  "1": {
    "instructions": [{"goto block_3": {
      "eline": 63,
      "epos": 12,
      "spos": 7,
      "sline": 63
    }}],
    "preds": [0],
    "succs": [3]
  },
  "0": {
    "instructions": [
      {"continueToSearch = 1": {
        "eline": 61,
        "epos": 34,
        "spos": 3,
        "sline": 61
      }},
      {"temp$0 = this.<BPlusTree: IntegerBloomFilter filter>": {
        "eline": 63,
        "epos": 12,
        "spos": 7,
        "sline": 63
      }},
      {"if temp$0 != null goto block_2 #0": {
        "eline": 63,
        "epos": 12,
        "ifpos": "(62, 2)-(62, 20)",
        "spos": 7,
        "sline": 63
      }}
    ],
    "preds": [],
    "succs": [
      1,
      2
    ]
  },
  "6": {
    "instructions": [
      {"temp$5 = <java.lang.System: java.io.PrintStream out>": {
        "eline": 69,
        "epos": 52,
        "spos": 4,
        "sline": 69
      }},
      {"virtualinvoke temp$5.<java.io.PrintStream: void println(java.lang.String)>(\"Filter stopped the search.\")": {
        "eline": 69,
        "epos": 52,
        "spos": 4,
        "sline": 69
      }},
      {"temp$6 = <java.lang.System: java.io.PrintStream out>": {
        "eline": 70,
        "epos": 108,
        "spos": 4,
        "sline": 70
      }},
      {"temp$7 = new java.lang.StringBuffer": {
        "eline": 70,
        "epos": 108,
        "spos": 4,
        "sline": 70
      }},
      {"specialinvoke temp$7.<java.lang.StringBuffer: void <init>()>()": {
        "eline": 70,
        "epos": 106,
        "spos": 23,
        "sline": 70
      }},
      {"virtualinvoke temp$7.<java.lang.StringBuffer: java.lang.StringBuffer append(java.lang.Object)>(\"Current False Positive Probability: \")": {
        "eline": 70,
        "epos": 106,
        "spos": 23,
        "sline": 70
      }},
      {"temp$8 = this.<BPlusTree: IntegerBloomFilter filter>": {
        "eline": 70,
        "epos": 69,
        "spos": 64,
        "sline": 70
      }},
      {"temp$9 = virtualinvoke temp$8.<IntegerBloomFilter: double getCurrentFalsePositiveProbability()>()": {
        "eline": 70,
        "epos": 69,
        "spos": 64,
        "sline": 70
      }},
      {"virtualinvoke temp$7.<java.lang.StringBuffer: java.lang.StringBuffer append(double)>(temp$9)": {
        "eline": 70,
        "epos": 69,
        "spos": 64,
        "sline": 70
      }},
      {"temp$10 = virtualinvoke temp$7.<java.lang.StringBuffer: java.lang.String toString()>()": {
        "eline": 70,
        "epos": 69,
        "spos": 64,
        "sline": 70
      }},
      {"virtualinvoke temp$6.<java.io.PrintStream: void println(java.lang.String)>(temp$10)": {
        "eline": 70,
        "epos": 69,
        "spos": 64,
        "sline": 70
      }},
      {"temp$11 = null": {
        "reliable": false,
        "eline": 70,
        "epos": 69,
        "spos": 64,
        "sline": 70
      }},
      {"return temp$11": {
        "eline": 73,
        "epos": 14,
        "spos": 3,
        "sline": 73
      }}
    ],
    "preds": [3],
    "succs": []
  },
  "5": {
    "instructions": [
      {"temp$3 = virtualinvoke this.<BPlusTree: LeafNode findLeaf(int)>(key)": {
        "eline": 67,
        "epos": 23,
        "spos": 11,
        "sline": 67
      }},
      {"temp$4 = virtualinvoke temp$3.<LeafNode: java.lang.Object getValue(int)>(key)": {
        "eline": 67,
        "epos": 23,
        "spos": 11,
        "sline": 67
      }},
      {"return temp$4": {
        "eline": 67,
        "epos": 38,
        "spos": 4,
        "sline": 67
      }}
    ],
    "preds": [4],
    "succs": []
  },
  "4": {
    "instructions": [{"goto block_5": {
      "eline": 66,
      "epos": 22,
      "spos": 7,
      "sline": 66
    }}],
    "preds": [3],
    "succs": [5]
  }
}