{
  "3": {
    "instructions": [
      {"temp$4 = -1": {
        "reliable": false,
        "eline": 144,
        "epos": 25,
        "spos": 4,
        "sline": 144
      }},
      {"return temp$4": {
        "eline": 146,
        "epos": 12,
        "spos": 3,
        "sline": 146
      }}
    ],
    "preds": [1],
    "succs": []
  },
  "2": {
    "instructions": [
      {"temp$2 = orderIndex": {
        "eline": 143,
        "epos": 22,
        "spos": 7,
        "sline": 143
      }},
      {"temp$3 = temp$2 + 1": {
        "eline": 143,
        "epos": 22,
        "spos": 7,
        "sline": 143
      }},
      {"return temp$3": {
        "eline": 144,
        "epos": 25,
        "spos": 4,
        "sline": 144
      }}
    ],
    "preds": [0],
    "succs": []
  },
  "1": {
    "instructions": [{"goto block_3": {
      "eline": 143,
      "epos": 22,
      "spos": 7,
      "sline": 143
    }}],
    "preds": [0],
    "succs": [3]
  },
  "0": {
    "instructions": [
      {"temp$0 = this.<BPlusTree: Node root>": {
        "eline": 142,
        "epos": 23,
        "spos": 20,
        "sline": 142
      }},
      {"temp$1 = virtualinvoke temp$0.<Node: int order(int)>(key)": {
        "eline": 142,
        "epos": 23,
        "spos": 20,
        "sline": 142
      }},
      {"orderIndex = temp$1": {
        "eline": 142,
        "epos": 23,
        "spos": 20,
        "sline": 142
      }},
      {"if orderIndex != -1 goto block_2 #0": {
        "eline": 143,
        "epos": 22,
        "ifpos": "(142, 2)-(142, 22)",
        "spos": 7,
        "sline": 143
      }}
    ],
    "preds": [],
    "succs": [
      1,
      2
    ]
  }
}