{"0": {
  "instructions": [
    {"specialinvoke this.<java.lang.Object: void <init>()>()": {}},
    {"temp$0 = null": {}},
    {"this.<BPlusTree: IntegerBloomFilter filter> = temp$0": {
      "eline": 15,
      "epos": 42,
      "spos": 2,
      "sline": 15
    }},
    {"this.<BPlusTree: int t> = treeParam": {
      "eline": 23,
      "epos": 3,
      "spos": 3,
      "sline": 23
    }},
    {"temp$1 = 2147483647": {
      "reliable": false,
      "eline": 24,
      "epos": 8,
      "spos": 3,
      "sline": 24
    }},
    {"this.<BPlusTree: int minGap> = temp$1": {
      "eline": 24,
      "epos": 8,
      "spos": 3,
      "sline": 24
    }},
    {"temp$2 = new LeafNode": {
      "eline": 25,
      "epos": 6,
      "spos": 3,
      "sline": 25
    }},
    {"specialinvoke temp$2.<LeafNode: void <init>(int)>(treeParam)": {
      "eline": 25,
      "epos": 39,
      "spos": 10,
      "sline": 25
    }},
    {"this.<BPlusTree: Node root> = temp$2": {
      "eline": 25,
      "epos": 6,
      "spos": 3,
      "sline": 25
    }},
    {"temp$3 = this.<BPlusTree: Node root>": {
      "eline": 26,
      "epos": 31,
      "spos": 28,
      "sline": 26
    }},
    {"temp$4 = (LeafNode) temp$3": {
      "eline": 26,
      "epos": 31,
      "spos": 28,
      "sline": 26
    }},
    {"this.<BPlusTree: LeafNode first> = temp$4": {
      "eline": 26,
      "epos": 7,
      "spos": 3,
      "sline": 26
    }},
    {"return": {
      "eline": 26,
      "epos": 7,
      "spos": 3,
      "sline": 26
    }}
  ],
  "preds": [],
  "succs": []
}}