{"0": {
  "instructions": [
    {"specialinvoke this.<BPlusTree: void <init>(int)>(treeParam)": {
      "eline": 35,
      "epos": 17,
      "spos": 3,
      "sline": 35
    }},
    {"temp$0 = new IntegerBloomFilter": {
      "eline": 37,
      "epos": 8,
      "spos": 3,
      "sline": 37
    }},
    {"specialinvoke temp$0.<IntegerBloomFilter: void <init>(double,int)>(1.0E-6, expectedNumberOfElements)": {
      "eline": 37,
      "epos": 69,
      "spos": 12,
      "sline": 37
    }},
    {"this.<BPlusTree: IntegerBloomFilter filter> = temp$0": {
      "eline": 37,
      "epos": 8,
      "spos": 3,
      "sline": 37
    }},
    {"return": {
      "eline": 37,
      "epos": 8,
      "spos": 3,
      "sline": 37
    }}
  ],
  "preds": [],
  "succs": []
}}