{
  "3": {
    "instructions": [
      {"temp$4 = \"\"": {
        "reliable": false,
        "eline": 172,
        "epos": 27,
        "spos": 5,
        "sline": 172
      }},
      {"return temp$4": {
        "eline": 174,
        "epos": 12,
        "spos": 3,
        "sline": 174
      }}
    ],
    "preds": [1],
    "succs": []
  },
  "2": {
    "instructions": [
      {"temp$2 = this.<BPlusTree: Node root>": {
        "eline": 172,
        "epos": 15,
        "spos": 12,
        "sline": 172
      }},
      {"temp$3 = virtualinvoke temp$2.<Node: java.lang.String toString()>()": {
        "eline": 172,
        "epos": 15,
        "spos": 12,
        "sline": 172
      }},
      {"return temp$3": {
        "eline": 172,
        "epos": 27,
        "spos": 5,
        "sline": 172
      }}
    ],
    "preds": [0],
    "succs": []
  },
  "1": {
    "instructions": [{"goto block_3": {
      "eline": 171,
      "epos": 10,
      "spos": 7,
      "sline": 171
    }}],
    "preds": [0],
    "succs": [3]
  },
  "0": {
    "instructions": [
      {"temp$0 = this.<BPlusTree: Node root>": {
        "eline": 171,
        "epos": 10,
        "spos": 7,
        "sline": 171
      }},
      {"temp$1 = virtualinvoke temp$0.<Node: int getNodeSize()>()": {
        "eline": 171,
        "epos": 10,
        "spos": 7,
        "sline": 171
      }},
      {"if temp$1 != 0 goto block_2 #0": {
        "eline": 171,
        "epos": 10,
        "ifpos": "(170, 2)-(170, 29)",
        "spos": 7,
        "sline": 171
      }}
    ],
    "preds": [],
    "succs": [
      1,
      2
    ]
  }
}