{
  "3": {
    "instructions": [
      {"temp$1 = (InternalNode) current": {
        "eline": 107,
        "epos": 62,
        "spos": 4,
        "sline": 107
      }},
      {"temp$2 = virtualinvoke temp$1.<InternalNode: Node getMaxChildNode()>()": {
        "eline": 107,
        "epos": 62,
        "spos": 4,
        "sline": 107
      }},
      {"current = temp$2": {
        "eline": 107,
        "epos": 10,
        "spos": 4,
        "sline": 107
      }},
      {"goto block_1": {
        "eline": 108,
        "epos": 3,
        "spos": 3,
        "sline": 106
      }}
    ],
    "preds": [1],
    "succs": [1]
  },
  "2": {
    "instructions": [{"goto block_4": {
      "eline": 106,
      "epos": 38,
      "spos": 12,
      "sline": 106
    }}],
    "preds": [1],
    "succs": [4]
  },
  "1": {
    "instructions": [
      {"temp$0 = current instanceof LeafNode": {
        "eline": 106,
        "epos": 38,
        "spos": 12,
        "sline": 106
      }},
      {"if temp$0 == 0 goto block_3 #0": {
        "eline": 106,
        "epos": 38,
        "ifpos": "(105, 2)-(105, 39)",
        "spos": 12,
        "sline": 106
      }}
    ],
    "preds": [
      0,
      3
    ],
    "succs": [
      2,
      3
    ]
  },
  "0": {
    "instructions": [{"current = this.<BPlusTree: Node root>": {
      "eline": 103,
      "epos": 28,
      "spos": 25,
      "sline": 103
    }}],
    "preds": [],
    "succs": [1]
  },
  "7": {
    "instructions": [
      {"temp$4 = virtualinvoke leaf.<LeafNode: java.lang.String reverseToString()>()": {
        "eline": 115,
        "epos": 37,
        "spos": 4,
        "sline": 115
      }},
      {"virtualinvoke sb.<java.lang.StringBuilder: java.lang.StringBuilder append(java.lang.String)>(temp$4)": {
        "eline": 115,
        "epos": 37,
        "spos": 4,
        "sline": 115
      }},
      {"temp$6 = virtualinvoke leaf.<LeafNode: LeafNode getPrev()>()": {
        "eline": 116,
        "epos": 25,
        "spos": 4,
        "sline": 116
      }},
      {"leaf = temp$6": {
        "eline": 116,
        "epos": 7,
        "spos": 4,
        "sline": 116
      }},
      {"goto block_5": {
        "eline": 117,
        "epos": 3,
        "spos": 3,
        "sline": 114
      }}
    ],
    "preds": [5],
    "succs": [5]
  },
  "6": {
    "instructions": [{"goto block_8": {
      "eline": 114,
      "epos": 21,
      "spos": 10,
      "sline": 114
    }}],
    "preds": [5],
    "succs": [8]
  },
  "5": {
    "instructions": [{"if leaf != null goto block_7 #1": {
      "eline": 114,
      "epos": 21,
      "ifpos": "(113, 2)-(113, 21)",
      "spos": 10,
      "sline": 114
    }}],
    "preds": [
      4,
      7
    ],
    "succs": [
      6,
      7
    ]
  },
  "4": {
    "instructions": [
      {"leaf = (LeafNode) current": {
        "eline": 110,
        "epos": 50,
        "spos": 3,
        "sline": 110
      }},
      {"temp$3 = new java.lang.StringBuilder": {
        "eline": 111,
        "epos": 41,
        "spos": 3,
        "sline": 111
      }},
      {"specialinvoke temp$3.<java.lang.StringBuilder: void <init>()>()": {
        "eline": 111,
        "epos": 40,
        "spos": 22,
        "sline": 111
      }},
      {"sb = temp$3": {
        "eline": 111,
        "epos": 40,
        "spos": 22,
        "sline": 111
      }}
    ],
    "preds": [2],
    "succs": [5]
  },
  "8": {
    "instructions": [
      {"temp$7 = virtualinvoke sb.<java.lang.StringBuilder: java.lang.String toString()>()": {
        "eline": 117,
        "epos": 3,
        "spos": 3,
        "sline": 114
      }},
      {"return temp$7": {
        "eline": 119,
        "epos": 23,
        "spos": 3,
        "sline": 119
      }}
    ],
    "preds": [6],
    "succs": []
  }
}