{"0": {
  "instructions": [
    {"specialinvoke this.<java.lang.Object: void <init>()>()": {}},
    {"this.<InsertionResult: java.lang.Integer splitRootKey> = key": {
      "eline": 19,
      "epos": 14,
      "spos": 3,
      "sline": 19
    }},
    {"this.<InsertionResult: Node left> = left": {
      "eline": 20,
      "epos": 11,
      "spos": 8,
      "sline": 20
    }},
    {"this.<InsertionResult: Node right> = right": {
      "eline": 21,
      "epos": 12,
      "spos": 8,
      "sline": 21
    }},
    {"return": {
      "eline": 21,
      "epos": 12,
      "spos": 8,
      "sline": 21
    }}
  ],
  "preds": [],
  "succs": []
}}