{"0": {
  "instructions": [
    {"specialinvoke this.<InsertionResult: void <init>(java.lang.Integer,Node,Node)>(key, left, right)": {
      "eline": 28,
      "epos": 24,
      "spos": 3,
      "sline": 28
    }},
    {"temp$0 = virtualinvoke resultFromNonFullNode.<InsertionResult: int getMinGap()>()": {
      "eline": 30,
      "epos": 6,
      "spos": 3,
      "sline": 30
    }},
    {"this.<InsertionResult: int minGap> = temp$0": {
      "eline": 30,
      "epos": 13,
      "spos": 8,
      "sline": 30
    }},
    {"return": {
      "eline": 30,
      "epos": 13,
      "spos": 8,
      "sline": 30
    }}
  ],
  "preds": [],
  "succs": []
}}