{
  "3": {
    "instructions": [
      {"temp$9 = this.<IntegerBloomFilter: int totalElements>": {
        "eline": 113,
        "epos": 15,
        "spos": 3,
        "sline": 113
      }},
      {"temp$10 = temp$9 + 1": {
        "eline": 113,
        "epos": 15,
        "spos": 3,
        "sline": 113
      }},
      {"this.<IntegerBloomFilter: int totalElements> = temp$10": {
        "eline": 113,
        "epos": 15,
        "spos": 3,
        "sline": 113
      }},
      {"return": {
        "eline": 113,
        "epos": 15,
        "spos": 3,
        "sline": 113
      }}
    ],
    "preds": [1],
    "succs": []
  },
  "2": {
    "instructions": [
      {"temp$4 = hashes[temp$2]": {
        "eline": 111,
        "epos": 49,
        "spos": 3,
        "sline": 110
      }},
      {"hash = temp$4": {
        "eline": 111,
        "epos": 49,
        "spos": 3,
        "sline": 110
      }},
      {"temp$5 = this.<IntegerBloomFilter: java.util.BitSet bitset>": {
        "eline": 111,
        "epos": 9,
        "spos": 4,
        "sline": 111
      }},
      {"temp$6 = this.<IntegerBloomFilter: int bitSetSize>": {
        "eline": 111,
        "epos": 40,
        "spos": 31,
        "sline": 111
      }},
      {"temp$7 = hash % temp$6": {
        "eline": 111,
        "epos": 40,
        "spos": 31,
        "sline": 111
      }},
      {"temp$8 = staticinvoke <java.lang.Math: int abs(int)>(temp$7)": {
        "eline": 111,
        "epos": 40,
        "spos": 31,
        "sline": 111
      }},
      {"virtualinvoke temp$5.<java.util.BitSet: void set(int,boolean)>(temp$8, 1)": {
        "eline": 111,
        "epos": 40,
        "spos": 31,
        "sline": 111
      }},
      {"temp$2 = temp$2 + 1": {
        "eline": 111,
        "epos": 40,
        "spos": 31,
        "sline": 111
      }},
      {"goto block_1": {
        "eline": 111,
        "epos": 40,
        "spos": 31,
        "sline": 111
      }}
    ],
    "preds": [1],
    "succs": [1]
  },
  "1": {
    "instructions": [
      {"temp$3 = lengthof hashes": {
        "eline": 111,
        "epos": 49,
        "spos": 3,
        "sline": 110
      }},
      {"if temp$2 >= temp$3 goto block_3 #0": {
        "eline": 111,
        "epos": 49,
        "ifpos": "(107, 41)-(110, 48)",
        "spos": 3,
        "sline": 110
      }}
    ],
    "preds": [
      0,
      2
    ],
    "succs": [
      2,
      3
    ]
  },
  "0": {
    "instructions": [
      {"temp$0 = this.<IntegerBloomFilter: int k>": {
        "eline": 108,
        "epos": 40,
        "spos": 40,
        "sline": 108
      }},
      {"temp$1 = virtualinvoke this.<IntegerBloomFilter: int[] createHashes(int,int)>(element, temp$0)": {
        "eline": 108,
        "epos": 40,
        "spos": 40,
        "sline": 108
      }},
      {"hashes = temp$1": {
        "eline": 108,
        "epos": 40,
        "spos": 40,
        "sline": 108
      }},
      {"temp$2 = 0": {
        "reliable": false,
        "eline": 108,
        "epos": 40,
        "spos": 40,
        "sline": 108
      }}
    ],
    "preds": [],
    "succs": [1]
  }
}