{"0": {
  "instructions": [
    {"temp$0 = this.<InternalNode: java.util.List children>": {
      "eline": 251,
      "epos": 17,
      "spos": 10,
      "sline": 251
    }},
    {"temp$1 = this.<InternalNode: java.util.List children>": {
      "eline": 251,
      "epos": 30,
      "spos": 23,
      "sline": 251
    }},
    {"temp$2 = interfaceinvoke temp$1.<java.util.List: int size()>()": {
      "eline": 251,
      "epos": 30,
      "spos": 23,
      "sline": 251
    }},
    {"temp$3 = temp$2 - 1": {
      "eline": 251,
      "epos": 30,
      "spos": 23,
      "sline": 251
    }},
    {"temp$4 = interfaceinvoke temp$0.<java.util.List: java.lang.Object get(int)>(temp$3)": {
      "eline": 251,
      "epos": 30,
      "spos": 23,
      "sline": 251
    }},
    {"temp$5 = (Node) temp$4": {
      "eline": 251,
      "epos": 30,
      "spos": 23,
      "sline": 251
    }},
    {"return temp$5": {
      "eline": 251,
      "epos": 43,
      "spos": 3,
      "sline": 251
    }}
  ],
  "preds": [],
  "succs": []
}}