{"0": {
  "instructions": [
    {"specialinvoke this.<InternalNode: void <init>(int)>(totalKeys)": {
      "eline": 43,
      "epos": 17,
      "spos": 3,
      "sline": 43
    }},
    {"temp$0 = this.<InternalNode: java.util.List children>": {
      "eline": 46,
      "epos": 10,
      "spos": 3,
      "sline": 46
    }},
    {"temp$1 = virtualinvoke split.<InsertionResult: Node getLeftNode()>()": {
      "eline": 46,
      "epos": 10,
      "spos": 3,
      "sline": 46
    }},
    {"interfaceinvoke temp$0.<java.util.List: boolean add(java.lang.Object)>(temp$1)": {
      "eline": 46,
      "epos": 10,
      "spos": 3,
      "sline": 46
    }},
    {"temp$3 = this.<InternalNode: java.util.List children>": {
      "eline": 47,
      "epos": 10,
      "spos": 3,
      "sline": 47
    }},
    {"temp$4 = virtualinvoke split.<InsertionResult: Node getRightNode()>()": {
      "eline": 47,
      "epos": 10,
      "spos": 3,
      "sline": 47
    }},
    {"interfaceinvoke temp$3.<java.util.List: boolean add(java.lang.Object)>(temp$4)": {
      "eline": 47,
      "epos": 10,
      "spos": 3,
      "sline": 47
    }},
    {"temp$6 = this.<InternalNode: java.util.List keys>": {
      "eline": 50,
      "epos": 6,
      "spos": 3,
      "sline": 50
    }},
    {"temp$7 = virtualinvoke split.<InsertionResult: java.lang.Integer getSplitRootKey()>()": {
      "eline": 50,
      "epos": 6,
      "spos": 3,
      "sline": 50
    }},
    {"interfaceinvoke temp$6.<java.util.List: boolean add(java.lang.Object)>(temp$7)": {
      "eline": 50,
      "epos": 6,
      "spos": 3,
      "sline": 50
    }},
    {"temp$9 = virtualinvoke split.<InsertionResult: Node getLeftNode()>()": {
      "eline": 53,
      "epos": 13,
      "spos": 3,
      "sline": 53
    }},
    {"temp$10 = virtualinvoke temp$9.<Node: int getNodeSize()>()": {
      "eline": 53,
      "epos": 13,
      "spos": 3,
      "sline": 53
    }},
    {"temp$11 = temp$10": {
      "eline": 53,
      "epos": 13,
      "spos": 3,
      "sline": 53
    }},
    {"temp$12 = virtualinvoke split.<InsertionResult: Node getRightNode()>()": {
      "eline": 53,
      "epos": 13,
      "spos": 3,
      "sline": 53
    }},
    {"temp$13 = virtualinvoke temp$12.<Node: int getNodeSize()>()": {
      "eline": 53,
      "epos": 13,
      "spos": 3,
      "sline": 53
    }},
    {"temp$14 = temp$11 + temp$13": {
      "eline": 53,
      "epos": 13,
      "spos": 3,
      "sline": 53
    }},
    {"this.<InternalNode: int totalWeight> = temp$14": {
      "eline": 53,
      "epos": 13,
      "spos": 3,
      "sline": 53
    }},
    {"return": {
      "eline": 53,
      "epos": 13,
      "spos": 3,
      "sline": 53
    }}
  ],
  "preds": [],
  "succs": []
}}