{"0": {
  "instructions": [
    {"temp$0 = this.<IntegerBloomFilter: java.util.BitSet bitset>": {
      "eline": 83,
      "epos": 8,
      "spos": 3,
      "sline": 83
    }},
    {"virtualinvoke temp$0.<java.util.BitSet: void clear()>()": {
      "eline": 83,
      "epos": 8,
      "spos": 3,
      "sline": 83
    }},
    {"temp$1 = 0": {
      "reliable": false,
      "eline": 84,
      "epos": 15,
      "spos": 3,
      "sline": 84
    }},
    {"this.<IntegerBloomFilter: int totalElements> = temp$1": {
      "eline": 84,
      "epos": 15,
      "spos": 3,
      "sline": 84
    }},
    {"return": {
      "eline": 84,
      "epos": 15,
      "spos": 3,
      "sline": 84
    }}
  ],
  "preds": [],
  "succs": []
}}