{
  "element": {"0": [0]},
  "hashes": {
    "2": [0],
    "1": [0]
  },
  "temp$11": {"6": [6]},
  "hash": {"2": [2]},
  "temp$1": {"0": [0]},
  "temp$0": {"0": [0]},
  "temp$3": {"1": [1]},
  "temp$2": {
    "2": [
      0,
      5
    ],
    "1": [
      0,
      5
    ],
    "5": [
      0,
      5
    ]
  },
  "temp$5": {"2": [2]},
  "temp$4": {"2": [2]},
  "temp$7": {"2": [2]},
  "temp$6": {"2": [2]},
  "temp$9": {"2": [2]},
  "temp$8": {"2": [2]},
  "temp$10": {"4": [4]},
  "this": {
    "2": [0],
    "0": [0]
  }
}