{"0": {
  "instructions": [
    {"temp$0 = virtualinvoke split.<InsertionResult: java.lang.Integer getSplitRootKey()>()": {
      "eline": 172,
      "epos": 72,
      "spos": 24,
      "sline": 172
    }},
    {"temp$1 = virtualinvoke temp$0.<java.lang.Integer: int intValue()>()": {
      "eline": 172,
      "epos": 72,
      "spos": 24,
      "sline": 172
    }},
    {"temp$2 = virtualinvoke this.<InternalNode: int findLessThanOrEqualToKey(int)>(temp$1)": {
      "eline": 172,
      "epos": 72,
      "spos": 24,
      "sline": 172
    }},
    {"virtualinvoke this.<InternalNode: void insertNonFull(InsertionResult,int)>(split, temp$2)": {
      "eline": 172,
      "epos": 72,
      "spos": 24,
      "sline": 172
    }},
    {"return": {
      "eline": 172,
      "epos": 72,
      "spos": 24,
      "sline": 172
    }}
  ],
  "preds": [],
  "succs": []
}}