{"0": {
  "instructions": [
    {"temp$0 = this.<InternalNode: java.util.List children>": {
      "eline": 243,
      "epos": 17,
      "spos": 10,
      "sline": 243
    }},
    {"temp$1 = virtualinvoke this.<InternalNode: int findLessThanOrEqualToKey(int)>(key)": {
      "eline": 243,
      "epos": 51,
      "spos": 23,
      "sline": 243
    }},
    {"temp$2 = interfaceinvoke temp$0.<java.util.List: java.lang.Object get(int)>(temp$1)": {
      "eline": 243,
      "epos": 51,
      "spos": 23,
      "sline": 243
    }},
    {"temp$3 = (Node) temp$2": {
      "eline": 243,
      "epos": 51,
      "spos": 23,
      "sline": 243
    }},
    {"return temp$3": {
      "eline": 243,
      "epos": 53,
      "spos": 3,
      "sline": 243
    }}
  ],
  "preds": [],
  "succs": []
}}