{
  "temp$15": {"4": [4]},
  "temp$16": {"4": [4]},
  "temp$17": {"4": [4]},
  "temp$18": {"4": [4]},
  "temp$11": {"3": [3]},
  "temp$12": {"3": [3]},
  "temp$13": {"4": [4]},
  "temp$21": {"4": [4]},
  "temp$14": {"4": [4]},
  "temp$19": {"4": [4]},
  "i": {
    "3": [
      0,
      3
    ],
    "1": [
      0,
      3
    ]
  },
  "temp$1": {"1": [1]},
  "temp$0": {"0": [0]},
  "temp$3": {"1": [1]},
  "temp$2": {"1": [1]},
  "temp$5": {"3": [3]},
  "temp$4": {"3": [3]},
  "temp$7": {"3": [3]},
  "sb": {
    "3": [0],
    "4": [0]
  },
  "temp$6": {"3": [3]},
  "temp$9": {"3": [3]},
  "temp$8": {"3": [3]},
  "this": {
    "3": [0],
    "1": [0],
    "4": [0]
  }
}