{"0": {
  "instructions": [
    {"temp$0 = staticinvoke <java.lang.Math: double log(double)>(falsePositiveProbability)": {
      "eline": 50,
      "epos": 186,
      "spos": 3,
      "sline": 50
    }},
    {"temp$1 = staticinvoke <java.lang.Math: double log(double)>(2.0)": {
      "eline": 50,
      "epos": 186,
      "spos": 3,
      "sline": 50
    }},
    {"temp$2 = staticinvoke <java.lang.Math: double log(double)>(2.0)": {
      "eline": 50,
      "epos": 186,
      "spos": 3,
      "sline": 50
    }},
    {"temp$3 = temp$1 * temp$2": {
      "eline": 50,
      "epos": 186,
      "spos": 3,
      "sline": 50
    }},
    {"temp$4 = temp$0 / temp$3": {
      "eline": 50,
      "epos": 186,
      "spos": 3,
      "sline": 50
    }},
    {"temp$5 = neg temp$4": {
      "eline": 50,
      "epos": 186,
      "spos": 3,
      "sline": 50
    }},
    {"temp$6 = staticinvoke <java.lang.Math: double ceil(double)>(temp$5)": {
      "eline": 50,
      "epos": 186,
      "spos": 3,
      "sline": 50
    }},
    {"temp$7 = (int) temp$6": {
      "eline": 50,
      "epos": 186,
      "spos": 3,
      "sline": 50
    }},
    {"temp$8 = staticinvoke <java.lang.Math: double log(double)>(falsePositiveProbability)": {
      "eline": 50,
      "epos": 186,
      "spos": 3,
      "sline": 50
    }},
    {"temp$9 = staticinvoke <java.lang.Math: double log(double)>(2.0)": {
      "eline": 50,
      "epos": 186,
      "spos": 3,
      "sline": 50
    }},
    {"temp$10 = neg temp$8": {
      "eline": 50,
      "epos": 186,
      "spos": 3,
      "sline": 50
    }},
    {"temp$11 = temp$10 / temp$9": {
      "eline": 50,
      "epos": 186,
      "spos": 3,
      "sline": 50
    }},
    {"temp$12 = staticinvoke <java.lang.Math: double ceil(double)>(temp$11)": {
      "eline": 50,
      "epos": 186,
      "spos": 3,
      "sline": 50
    }},
    {"temp$13 = (int) temp$12": {
      "eline": 50,
      "epos": 186,
      "spos": 3,
      "sline": 50
    }},
    {"specialinvoke this.<IntegerBloomFilter: void <init>(int,int,int)>(temp$7, expectedNumberOfElements, temp$13)": {
      "eline": 50,
      "epos": 186,
      "spos": 3,
      "sline": 50
    }},
    {"return": {
      "eline": 50,
      "epos": 186,
      "spos": 3,
      "sline": 50
    }}
  ],
  "preds": [],
  "succs": []
}}