{"0": {
  "instructions": [
    {"specialinvoke this.<java.lang.Object: void <init>()>()": {}},
    {"this.<IntegerBloomFilter: int expectedNumberOfElements> = expectedNumberOfElements": {
      "eline": 32,
      "epos": 31,
      "spos": 8,
      "sline": 32
    }},
    {"this.<IntegerBloomFilter: int k> = totalHashFunctions": {
      "eline": 33,
      "epos": 8,
      "spos": 8,
      "sline": 33
    }},
    {"this.<IntegerBloomFilter: int bitsPerElement> = bitsPerElement": {
      "eline": 34,
      "epos": 21,
      "spos": 8,
      "sline": 34
    }},
    {"temp$0 = bitsPerElement * expectedNumberOfElements": {
      "eline": 35,
      "epos": 6,
      "spos": 3,
      "sline": 35
    }},
    {"this.<IntegerBloomFilter: int bitSetSize> = temp$0": {
      "eline": 35,
      "epos": 17,
      "spos": 8,
      "sline": 35
    }},
    {"temp$1 = 0": {
      "reliable": false,
      "eline": 36,
      "epos": 15,
      "spos": 3,
      "sline": 36
    }},
    {"this.<IntegerBloomFilter: int totalElements> = temp$1": {
      "eline": 36,
      "epos": 15,
      "spos": 3,
      "sline": 36
    }},
    {"temp$2 = new java.util.BitSet": {
      "eline": 37,
      "epos": 6,
      "spos": 3,
      "sline": 37
    }},
    {"temp$3 = this.<IntegerBloomFilter: int bitSetSize>": {
      "eline": 37,
      "epos": 37,
      "spos": 28,
      "sline": 37
    }},
    {"specialinvoke temp$2.<java.util.BitSet: void <init>(int)>(temp$3)": {
      "eline": 37,
      "epos": 38,
      "spos": 17,
      "sline": 37
    }},
    {"this.<IntegerBloomFilter: java.util.BitSet bitset> = temp$2": {
      "eline": 37,
      "epos": 13,
      "spos": 8,
      "sline": 37
    }},
    {"temp$4 = staticinvoke <java.lang.Math: double random()>()": {
      "eline": 38,
      "epos": 6,
      "spos": 3,
      "sline": 38
    }},
    {"temp$5 = temp$4 * 100.0": {
      "eline": 38,
      "epos": 6,
      "spos": 3,
      "sline": 38
    }},
    {"temp$6 = (int) temp$5": {
      "eline": 38,
      "epos": 6,
      "spos": 3,
      "sline": 38
    }},
    {"this.<IntegerBloomFilter: int hashParam1> = temp$6": {
      "eline": 38,
      "epos": 17,
      "spos": 8,
      "sline": 38
    }},
    {"temp$7 = staticinvoke <java.lang.Math: double random()>()": {
      "eline": 39,
      "epos": 6,
      "spos": 3,
      "sline": 39
    }},
    {"temp$8 = temp$7 * 100.0": {
      "eline": 39,
      "epos": 6,
      "spos": 3,
      "sline": 39
    }},
    {"temp$9 = (int) temp$8": {
      "eline": 39,
      "epos": 6,
      "spos": 3,
      "sline": 39
    }},
    {"this.<IntegerBloomFilter: int hashParam2> = temp$9": {
      "eline": 39,
      "epos": 17,
      "spos": 8,
      "sline": 39
    }},
    {"return": {
      "eline": 39,
      "epos": 17,
      "spos": 8,
      "sline": 39
    }}
  ],
  "preds": [],
  "succs": []
}}