{"0": {
  "instructions": [
    {"temp$0 = this.<InternalNode: java.util.List children>": {
      "eline": 222,
      "epos": 10,
      "spos": 3,
      "sline": 222
    }},
    {"interfaceinvoke temp$0.<java.util.List: boolean add(java.lang.Object)>(node)": {
      "eline": 222,
      "epos": 10,
      "spos": 3,
      "sline": 222
    }},
    {"temp$2 = this.<InternalNode: int totalWeight>": {
      "eline": 223,
      "epos": 13,
      "spos": 3,
      "sline": 223
    }},
    {"temp$3 = virtualinvoke node.<Node: int getNodeSize()>()": {
      "eline": 223,
      "epos": 13,
      "spos": 3,
      "sline": 223
    }},
    {"temp$4 = temp$2 + temp$3": {
      "eline": 223,
      "epos": 13,
      "spos": 3,
      "sline": 223
    }},
    {"this.<InternalNode: int totalWeight> = temp$4": {
      "eline": 223,
      "epos": 13,
      "spos": 3,
      "sline": 223
    }},
    {"return": {
      "eline": 223,
      "epos": 13,
      "spos": 3,
      "sline": 223
    }}
  ],
  "preds": [],
  "succs": []
}}