{
  "3": {
    "instructions": [
      {"temp$4 = new java.lang.StringBuffer": {
        "eline": 263,
        "epos": 52,
        "spos": 4,
        "sline": 263
      }},
      {"specialinvoke temp$4.<java.lang.StringBuffer: void <init>()>()": {
        "eline": 263,
        "epos": 50,
        "spos": 14,
        "sline": 263
      }},
      {"temp$5 = this.<InternalNode: java.util.List children>": {
        "eline": 263,
        "epos": 17,
        "spos": 14,
        "sline": 263
      }},
      {"temp$6 = interfaceinvoke temp$5.<java.util.List: java.lang.Object get(int)>(i)": {
        "eline": 263,
        "epos": 17,
        "spos": 14,
        "sline": 263
      }},
      {"temp$7 = (Node) temp$6": {
        "eline": 263,
        "epos": 17,
        "spos": 14,
        "sline": 263
      }},
      {"temp$8 = virtualinvoke temp$7.<Node: java.lang.String toString()>()": {
        "eline": 263,
        "epos": 17,
        "spos": 14,
        "sline": 263
      }},
      {"virtualinvoke temp$4.<java.lang.StringBuffer: java.lang.StringBuffer append(java.lang.Object)>(temp$8)": {
        "eline": 263,
        "epos": 17,
        "spos": 14,
        "sline": 263
      }},
      {"virtualinvoke temp$4.<java.lang.StringBuffer: java.lang.StringBuffer append(java.lang.Object)>(\"#\")": {
        "eline": 263,
        "epos": 50,
        "spos": 14,
        "sline": 263
      }},
      {"temp$9 = virtualinvoke temp$4.<java.lang.StringBuffer: java.lang.String toString()>()": {
        "eline": 263,
        "epos": 50,
        "spos": 14,
        "sline": 263
      }},
      {"virtualinvoke sb.<java.lang.StringBuilder: java.lang.StringBuilder append(java.lang.String)>(temp$9)": {
        "eline": 263,
        "epos": 50,
        "spos": 14,
        "sline": 263
      }},
      {"temp$11 = i": {
        "eline": 262,
        "epos": 51,
        "spos": 49,
        "sline": 262
      }},
      {"temp$12 = temp$11 + 1": {
        "eline": 262,
        "epos": 49,
        "spos": 49,
        "sline": 262
      }},
      {"i = temp$12": {
        "eline": 262,
        "epos": 49,
        "spos": 49,
        "sline": 262
      }},
      {"goto block_1": {
        "eline": 264,
        "epos": 3,
        "spos": 3,
        "sline": 262
      }}
    ],
    "preds": [1],
    "succs": [1]
  },
  "2": {
    "instructions": [{"goto block_4": {
      "eline": 262,
      "epos": 26,
      "spos": 23,
      "sline": 262
    }}],
    "preds": [1],
    "succs": [4]
  },
  "1": {
    "instructions": [
      {"temp$1 = this.<InternalNode: java.util.List children>": {
        "eline": 262,
        "epos": 26,
        "spos": 23,
        "sline": 262
      }},
      {"temp$2 = interfaceinvoke temp$1.<java.util.List: int size()>()": {
        "eline": 262,
        "epos": 26,
        "spos": 23,
        "sline": 262
      }},
      {"temp$3 = temp$2 - 1": {
        "eline": 262,
        "epos": 26,
        "spos": 23,
        "sline": 262
      }},
      {"if i < temp$3 goto block_3 #0": {
        "eline": 262,
        "epos": 26,
        "ifpos": "(261, 16)-(261, 46)",
        "spos": 23,
        "sline": 262
      }}
    ],
    "preds": [
      0,
      3
    ],
    "succs": [
      2,
      3
    ]
  },
  "0": {
    "instructions": [
      {"temp$0 = new java.lang.StringBuilder": {
        "eline": 260,
        "epos": 41,
        "spos": 3,
        "sline": 260
      }},
      {"specialinvoke temp$0.<java.lang.StringBuilder: void <init>()>()": {
        "eline": 260,
        "epos": 40,
        "spos": 22,
        "sline": 260
      }},
      {"sb = temp$0": {
        "eline": 260,
        "epos": 40,
        "spos": 22,
        "sline": 260
      }},
      {"i = 0": {
        "eline": 262,
        "epos": 16,
        "spos": 8,
        "sline": 262
      }}
    ],
    "preds": [],
    "succs": [1]
  },
  "4": {
    "instructions": [
      {"temp$13 = this.<InternalNode: java.util.List children>": {
        "eline": 265,
        "epos": 16,
        "spos": 13,
        "sline": 265
      }},
      {"temp$14 = this.<InternalNode: java.util.List children>": {
        "eline": 265,
        "epos": 34,
        "spos": 31,
        "sline": 265
      }},
      {"temp$15 = interfaceinvoke temp$14.<java.util.List: int size()>()": {
        "eline": 265,
        "epos": 34,
        "spos": 31,
        "sline": 265
      }},
      {"temp$16 = temp$15 - 1": {
        "eline": 265,
        "epos": 34,
        "spos": 31,
        "sline": 265
      }},
      {"temp$17 = interfaceinvoke temp$13.<java.util.List: java.lang.Object get(int)>(temp$16)": {
        "eline": 265,
        "epos": 34,
        "spos": 31,
        "sline": 265
      }},
      {"temp$18 = (Node) temp$17": {
        "eline": 265,
        "epos": 34,
        "spos": 31,
        "sline": 265
      }},
      {"temp$19 = virtualinvoke temp$18.<Node: java.lang.String toString()>()": {
        "eline": 265,
        "epos": 34,
        "spos": 31,
        "sline": 265
      }},
      {"virtualinvoke sb.<java.lang.StringBuilder: java.lang.StringBuilder append(java.lang.String)>(temp$19)": {
        "eline": 265,
        "epos": 34,
        "spos": 31,
        "sline": 265
      }},
      {"temp$21 = virtualinvoke sb.<java.lang.StringBuilder: java.lang.String toString()>()": {
        "eline": 265,
        "epos": 34,
        "spos": 31,
        "sline": 265
      }},
      {"return temp$21": {
        "eline": 267,
        "epos": 23,
        "spos": 3,
        "sline": 267
      }}
    ],
    "preds": [2],
    "succs": []
  }
}