{"0": {
  "instructions": [
    {"temp$0 = this.<IntegerBloomFilter: int totalElements>": {
      "eline": 76,
      "epos": 50,
      "spos": 38,
      "sline": 76
    }},
    {"temp$1 = (double) temp$0": {
      "eline": 76,
      "epos": 50,
      "spos": 38,
      "sline": 76
    }},
    {"temp$2 = virtualinvoke this.<IntegerBloomFilter: double getFalsePositiveProbability(double)>(temp$1)": {
      "eline": 76,
      "epos": 50,
      "spos": 38,
      "sline": 76
    }},
    {"return temp$2": {
      "eline": 76,
      "epos": 52,
      "spos": 3,
      "sline": 76
    }}
  ],
  "preds": [],
  "succs": []
}}