{"0": {
  "instructions": [
    {"specialinvoke this.<Node: void <init>(int)>(totalKeys)": {
      "eline": 18,
      "epos": 19,
      "spos": 3,
      "sline": 18
    }},
    {"temp$0 = 0": {
      "reliable": false,
      "eline": 18,
      "epos": 19,
      "spos": 3,
      "sline": 18
    }},
    {"this.<InternalNode: int totalWeight> = temp$0": {
      "eline": 11,
      "epos": 29,
      "spos": 2,
      "sline": 11
    }},
    {"temp$1 = new java.util.ArrayList": {
      "eline": 19,
      "epos": 10,
      "spos": 3,
      "sline": 19
    }},
    {"temp$2 = this.<InternalNode: int t>": {
      "eline": 19,
      "epos": 41,
      "spos": 41,
      "sline": 19
    }},
    {"specialinvoke temp$1.<java.util.ArrayList: void <init>(int)>(temp$2)": {
      "eline": 19,
      "epos": 42,
      "spos": 14,
      "sline": 19
    }},
    {"this.<InternalNode: java.util.List children> = temp$1": {
      "eline": 19,
      "epos": 10,
      "spos": 3,
      "sline": 19
    }},
    {"return": {
      "eline": 19,
      "epos": 10,
      "spos": 3,
      "sline": 19
    }}
  ],
  "preds": [],
  "succs": []
}}