{"0": {
  "instructions": [
    {"temp$0 = this.<IntegerBloomFilter: int k>": {
      "eline": 67,
      "epos": 33,
      "spos": 33,
      "sline": 67
    }},
    {"temp$1 = neg temp$0": {
      "eline": 67,
      "epos": 33,
      "spos": 33,
      "sline": 67
    }},
    {"temp$2 = (double) temp$1": {
      "eline": 67,
      "epos": 33,
      "spos": 33,
      "sline": 67
    }},
    {"temp$3 = temp$2 * elementsNumber": {
      "eline": 67,
      "epos": 33,
      "spos": 33,
      "sline": 67
    }},
    {"temp$4 = this.<IntegerBloomFilter: int bitSetSize>": {
      "eline": 67,
      "epos": 79,
      "spos": 70,
      "sline": 67
    }},
    {"temp$5 = (double) temp$4": {
      "eline": 67,
      "epos": 79,
      "spos": 70,
      "sline": 67
    }},
    {"temp$6 = temp$3 / temp$5": {
      "eline": 67,
      "epos": 79,
      "spos": 70,
      "sline": 67
    }},
    {"temp$7 = staticinvoke <java.lang.Math: double exp(double)>(temp$6)": {
      "eline": 67,
      "epos": 79,
      "spos": 70,
      "sline": 67
    }},
    {"temp$8 = 1.0 - temp$7": {
      "eline": 67,
      "epos": 79,
      "spos": 70,
      "sline": 67
    }},
    {"temp$9 = this.<IntegerBloomFilter: int k>": {
      "eline": 67,
      "epos": 83,
      "spos": 83,
      "sline": 67
    }},
    {"temp$10 = (double) temp$9": {
      "eline": 67,
      "epos": 83,
      "spos": 83,
      "sline": 67
    }},
    {"temp$11 = staticinvoke <java.lang.Math: double pow(double,double)>(temp$8, temp$10)": {
      "eline": 67,
      "epos": 83,
      "spos": 83,
      "sline": 67
    }},
    {"return temp$11": {
      "eline": 67,
      "epos": 85,
      "spos": 3,
      "sline": 67
    }}
  ],
  "preds": [],
  "succs": []
}}