{"0": {
  "instructions": [
    {"temp$0 = this.<InternalNode: java.util.List children>": {
      "eline": 212,
      "epos": 10,
      "spos": 3,
      "sline": 212
    }},
    {"interfaceinvoke temp$0.<java.util.List: void add(int,java.lang.Object)>(index, node)": {
      "eline": 212,
      "epos": 10,
      "spos": 3,
      "sline": 212
    }},
    {"temp$1 = this.<InternalNode: int totalWeight>": {
      "eline": 213,
      "epos": 13,
      "spos": 3,
      "sline": 213
    }},
    {"temp$2 = virtualinvoke node.<Node: int getNodeSize()>()": {
      "eline": 213,
      "epos": 13,
      "spos": 3,
      "sline": 213
    }},
    {"temp$3 = temp$1 + temp$2": {
      "eline": 213,
      "epos": 13,
      "spos": 3,
      "sline": 213
    }},
    {"this.<InternalNode: int totalWeight> = temp$3": {
      "eline": 213,
      "epos": 13,
      "spos": 3,
      "sline": 213
    }},
    {"return": {
      "eline": 213,
      "epos": 13,
      "spos": 3,
      "sline": 213
    }}
  ],
  "preds": [],
  "succs": []
}}