{
  "15": {
    "instructions": [
      {"temp$80 = this.<InternalNode: java.util.List keys>": {
        "eline": 156,
        "epos": 26,
        "spos": 23,
        "sline": 156
      }},
      {"temp$81 = this.<InternalNode: java.util.List keys>": {
        "eline": 156,
        "epos": 40,
        "spos": 37,
        "sline": 156
      }},
      {"temp$82 = interfaceinvoke temp$81.<java.util.List: int size()>()": {
        "eline": 156,
        "epos": 40,
        "spos": 37,
        "sline": 156
      }},
      {"temp$83 = temp$82 - 1": {
        "eline": 156,
        "epos": 40,
        "spos": 37,
        "sline": 156
      }},
      {"temp$84 = interfaceinvoke temp$80.<java.util.List: java.lang.Object get(int)>(temp$83)": {
        "eline": 156,
        "epos": 40,
        "spos": 37,
        "sline": 156
      }},
      {"temp$85 = (java.lang.Integer) temp$84": {
        "eline": 156,
        "epos": 40,
        "spos": 37,
        "sline": 156
      }},
      {"newRoot = temp$85": {
        "eline": 156,
        "epos": 40,
        "spos": 37,
        "sline": 156
      }},
      {"temp$86 = this.<InternalNode: java.util.List keys>": {
        "eline": 157,
        "epos": 8,
        "spos": 5,
        "sline": 157
      }},
      {"temp$87 = this.<InternalNode: java.util.List keys>": {
        "eline": 157,
        "epos": 25,
        "spos": 22,
        "sline": 157
      }},
      {"temp$88 = interfaceinvoke temp$87.<java.util.List: int size()>()": {
        "eline": 157,
        "epos": 25,
        "spos": 22,
        "sline": 157
      }},
      {"temp$89 = temp$88 - 1": {
        "eline": 157,
        "epos": 25,
        "spos": 22,
        "sline": 157
      }},
      {"temp$90 = interfaceinvoke temp$86.<java.util.List: java.lang.Object remove(int)>(temp$89)": {
        "eline": 157,
        "epos": 25,
        "spos": 22,
        "sline": 157
      }},
      {"temp$91 = (java.lang.Integer) temp$90": {
        "eline": 157,
        "epos": 25,
        "spos": 22,
        "sline": 157
      }},
      {"temp$92 = new InsertionResult": {
        "eline": 157,
        "epos": 25,
        "spos": 22,
        "sline": 157
      }},
      {"specialinvoke temp$92.<InsertionResult: void <init>(java.lang.Integer,Node,Node,InsertionResult)>(newRoot, this, nextSibling, split)": {
        "eline": 160,
        "epos": 72,
        "spos": 12,
        "sline": 160
      }},
      {"return temp$92": {
        "eline": 160,
        "epos": 73,
        "spos": 5,
        "sline": 160
      }}
    ],
    "preds": [
      13,
      14
    ],
    "succs": []
  },
  "16": {
    "instructions": [
      {"temp$93 = new InsertionResult": {
        "eline": 160,
        "epos": 73,
        "spos": 5,
        "sline": 160
      }},
      {"temp$94 = virtualinvoke split.<InsertionResult: int getMinGap()>()": {
        "eline": 160,
        "epos": 73,
        "spos": 5,
        "sline": 160
      }},
      {"specialinvoke temp$93.<InsertionResult: void <init>(int)>(temp$94)": {
        "eline": 164,
        "epos": 54,
        "spos": 10,
        "sline": 164
      }},
      {"return temp$93": {
        "eline": 164,
        "epos": 55,
        "spos": 3,
        "sline": 164
      }}
    ],
    "preds": [
      1,
      3,
      6
    ],
    "succs": []
  },
  "13": {
    "instructions": [
      {"temp$26 = new InternalNode": {
        "eline": 139,
        "epos": 138,
        "spos": 6,
        "sline": 139
      }},
      {"temp$27 = this.<InternalNode: int t>": {
        "eline": 139,
        "epos": 44,
        "spos": 44,
        "sline": 139
      }},
      {"temp$28 = this.<InternalNode: java.util.List keys>": {
        "eline": 139,
        "epos": 50,
        "spos": 47,
        "sline": 139
      }},
      {"temp$29 = this.<InternalNode: java.util.List keys>": {
        "eline": 139,
        "epos": 73,
        "spos": 70,
        "sline": 139
      }},
      {"temp$30 = interfaceinvoke temp$29.<java.util.List: int size()>()": {
        "eline": 139,
        "epos": 73,
        "spos": 70,
        "sline": 139
      }},
      {"temp$31 = interfaceinvoke temp$28.<java.util.List: java.util.List subList(int,int)>(mid, temp$30)": {
        "eline": 139,
        "epos": 73,
        "spos": 70,
        "sline": 139
      }},
      {"temp$32 = (java.util.List) temp$31": {
        "eline": 139,
        "epos": 73,
        "spos": 70,
        "sline": 139
      }},
      {"temp$33 = this.<InternalNode: java.util.List children>": {
        "eline": 139,
        "epos": 92,
        "spos": 89,
        "sline": 139
      }},
      {"temp$34 = this.<InternalNode: java.util.List children>": {
        "eline": 139,
        "epos": 119,
        "spos": 116,
        "sline": 139
      }},
      {"temp$35 = interfaceinvoke temp$34.<java.util.List: int size()>()": {
        "eline": 139,
        "epos": 119,
        "spos": 116,
        "sline": 139
      }},
      {"temp$36 = interfaceinvoke temp$33.<java.util.List: java.util.List subList(int,int)>(mid, temp$35)": {
        "eline": 139,
        "epos": 119,
        "spos": 116,
        "sline": 139
      }},
      {"temp$37 = (java.util.List) temp$36": {
        "eline": 139,
        "epos": 119,
        "spos": 116,
        "sline": 139
      }},
      {"specialinvoke temp$26.<InternalNode: void <init>(int,java.util.List,java.util.List)>(temp$27, temp$32, temp$37)": {
        "eline": 139,
        "epos": 137,
        "spos": 20,
        "sline": 139
      }},
      {"nextSibling = temp$26": {
        "eline": 139,
        "epos": 16,
        "spos": 6,
        "sline": 139
      }},
      {"temp$38 = new java.util.ArrayList": {
        "eline": 140,
        "epos": 9,
        "spos": 6,
        "sline": 140
      }},
      {"temp$39 = this.<InternalNode: java.util.List keys>": {
        "eline": 140,
        "epos": 44,
        "spos": 41,
        "sline": 140
      }},
      {"temp$40 = interfaceinvoke temp$39.<java.util.List: java.util.List subList(int,int)>(0, mid)": {
        "eline": 140,
        "epos": 44,
        "spos": 41,
        "sline": 140
      }},
      {"temp$41 = (java.util.List) temp$40": {
        "eline": 140,
        "epos": 44,
        "spos": 41,
        "sline": 140
      }},
      {"specialinvoke temp$38.<java.util.ArrayList: void <init>(java.util.Collection)>(temp$41)": {
        "eline": 140,
        "epos": 66,
        "spos": 18,
        "sline": 140
      }},
      {"this.<InternalNode: java.util.List keys> = temp$38": {
        "eline": 140,
        "epos": 14,
        "spos": 11,
        "sline": 140
      }},
      {"temp$42 = new java.util.ArrayList": {
        "eline": 141,
        "epos": 9,
        "spos": 6,
        "sline": 141
      }},
      {"temp$43 = this.<InternalNode: java.util.List children>": {
        "eline": 141,
        "epos": 52,
        "spos": 49,
        "sline": 141
      }},
      {"temp$44 = interfaceinvoke temp$43.<java.util.List: java.util.List subList(int,int)>(0, mid)": {
        "eline": 141,
        "epos": 52,
        "spos": 49,
        "sline": 141
      }},
      {"temp$45 = (java.util.List) temp$44": {
        "eline": 141,
        "epos": 52,
        "spos": 49,
        "sline": 141
      }},
      {"specialinvoke temp$42.<java.util.ArrayList: void <init>(java.util.Collection)>(temp$45)": {
        "eline": 141,
        "epos": 78,
        "spos": 22,
        "sline": 141
      }},
      {"this.<InternalNode: java.util.List children> = temp$42": {
        "eline": 141,
        "epos": 18,
        "spos": 11,
        "sline": 141
      }},
      {"temp$46 = this.<InternalNode: int totalWeight>": {
        "eline": 142,
        "epos": 16,
        "spos": 6,
        "sline": 142
      }},
      {"temp$47 = virtualinvoke nextSibling.<InternalNode: int getNodeSize()>()": {
        "eline": 142,
        "epos": 16,
        "spos": 6,
        "sline": 142
      }},
      {"temp$48 = temp$46 - temp$47": {
        "eline": 142,
        "epos": 16,
        "spos": 6,
        "sline": 142
      }},
      {"this.<InternalNode: int totalWeight> = temp$48": {
        "eline": 142,
        "epos": 16,
        "spos": 6,
        "sline": 142
      }},
      {"virtualinvoke this.<InternalNode: void insertNonFull(InsertionResult)>(split)": {
        "eline": 144,
        "epos": 25,
        "spos": 6,
        "sline": 144
      }},
      {"goto block_15": {
        "eline": 153,
        "epos": 5,
        "spos": 5,
        "sline": 137
      }}
    ],
    "preds": [11],
    "succs": [15]
  },
  "14": {
    "instructions": [
      {"temp$49 = new InternalNode": {
        "eline": 147,
        "epos": 146,
        "spos": 6,
        "sline": 147
      }},
      {"temp$50 = this.<InternalNode: int t>": {
        "eline": 147,
        "epos": 44,
        "spos": 44,
        "sline": 147
      }},
      {"temp$51 = this.<InternalNode: java.util.List keys>": {
        "eline": 147,
        "epos": 50,
        "spos": 47,
        "sline": 147
      }},
      {"temp$52 = mid": {
        "eline": 147,
        "epos": 50,
        "spos": 47,
        "sline": 147
      }},
      {"temp$53 = temp$52 + 1": {
        "eline": 147,
        "epos": 50,
        "spos": 47,
        "sline": 147
      }},
      {"temp$54 = this.<InternalNode: java.util.List keys>": {
        "eline": 147,
        "epos": 77,
        "spos": 74,
        "sline": 147
      }},
      {"temp$55 = interfaceinvoke temp$54.<java.util.List: int size()>()": {
        "eline": 147,
        "epos": 77,
        "spos": 74,
        "sline": 147
      }},
      {"temp$56 = interfaceinvoke temp$51.<java.util.List: java.util.List subList(int,int)>(temp$53, temp$55)": {
        "eline": 147,
        "epos": 77,
        "spos": 74,
        "sline": 147
      }},
      {"temp$57 = (java.util.List) temp$56": {
        "eline": 147,
        "epos": 77,
        "spos": 74,
        "sline": 147
      }},
      {"temp$58 = this.<InternalNode: java.util.List children>": {
        "eline": 147,
        "epos": 96,
        "spos": 93,
        "sline": 147
      }},
      {"temp$59 = mid": {
        "eline": 147,
        "epos": 96,
        "spos": 93,
        "sline": 147
      }},
      {"temp$60 = temp$59 + 1": {
        "eline": 147,
        "epos": 96,
        "spos": 93,
        "sline": 147
      }},
      {"temp$61 = this.<InternalNode: java.util.List children>": {
        "eline": 147,
        "epos": 127,
        "spos": 124,
        "sline": 147
      }},
      {"temp$62 = interfaceinvoke temp$61.<java.util.List: int size()>()": {
        "eline": 147,
        "epos": 127,
        "spos": 124,
        "sline": 147
      }},
      {"temp$63 = interfaceinvoke temp$58.<java.util.List: java.util.List subList(int,int)>(temp$60, temp$62)": {
        "eline": 147,
        "epos": 127,
        "spos": 124,
        "sline": 147
      }},
      {"temp$64 = (java.util.List) temp$63": {
        "eline": 147,
        "epos": 127,
        "spos": 124,
        "sline": 147
      }},
      {"specialinvoke temp$49.<InternalNode: void <init>(int,java.util.List,java.util.List)>(temp$50, temp$57, temp$64)": {
        "eline": 147,
        "epos": 145,
        "spos": 20,
        "sline": 147
      }},
      {"nextSibling = temp$49": {
        "eline": 147,
        "epos": 16,
        "spos": 6,
        "sline": 147
      }},
      {"temp$65 = new java.util.ArrayList": {
        "eline": 148,
        "epos": 9,
        "spos": 6,
        "sline": 148
      }},
      {"temp$66 = this.<InternalNode: java.util.List keys>": {
        "eline": 148,
        "epos": 44,
        "spos": 41,
        "sline": 148
      }},
      {"temp$67 = mid": {
        "eline": 148,
        "epos": 44,
        "spos": 41,
        "sline": 148
      }},
      {"temp$68 = temp$67 + 1": {
        "eline": 148,
        "epos": 44,
        "spos": 41,
        "sline": 148
      }},
      {"temp$69 = interfaceinvoke temp$66.<java.util.List: java.util.List subList(int,int)>(0, temp$68)": {
        "eline": 148,
        "epos": 44,
        "spos": 41,
        "sline": 148
      }},
      {"temp$70 = (java.util.List) temp$69": {
        "eline": 148,
        "epos": 44,
        "spos": 41,
        "sline": 148
      }},
      {"specialinvoke temp$65.<java.util.ArrayList: void <init>(java.util.Collection)>(temp$70)": {
        "eline": 148,
        "epos": 70,
        "spos": 18,
        "sline": 148
      }},
      {"this.<InternalNode: java.util.List keys> = temp$65": {
        "eline": 148,
        "epos": 14,
        "spos": 11,
        "sline": 148
      }},
      {"temp$71 = new java.util.ArrayList": {
        "eline": 149,
        "epos": 9,
        "spos": 6,
        "sline": 149
      }},
      {"temp$72 = this.<InternalNode: java.util.List children>": {
        "eline": 149,
        "epos": 52,
        "spos": 49,
        "sline": 149
      }},
      {"temp$73 = mid": {
        "eline": 149,
        "epos": 52,
        "spos": 49,
        "sline": 149
      }},
      {"temp$74 = temp$73 + 1": {
        "eline": 149,
        "epos": 52,
        "spos": 49,
        "sline": 149
      }},
      {"temp$75 = interfaceinvoke temp$72.<java.util.List: java.util.List subList(int,int)>(0, temp$74)": {
        "eline": 149,
        "epos": 52,
        "spos": 49,
        "sline": 149
      }},
      {"temp$76 = (java.util.List) temp$75": {
        "eline": 149,
        "epos": 52,
        "spos": 49,
        "sline": 149
      }},
      {"specialinvoke temp$71.<java.util.ArrayList: void <init>(java.util.Collection)>(temp$76)": {
        "eline": 149,
        "epos": 82,
        "spos": 22,
        "sline": 149
      }},
      {"this.<InternalNode: java.util.List children> = temp$71": {
        "eline": 149,
        "epos": 18,
        "spos": 11,
        "sline": 149
      }},
      {"temp$77 = this.<InternalNode: int totalWeight>": {
        "eline": 150,
        "epos": 16,
        "spos": 6,
        "sline": 150
      }},
      {"temp$78 = virtualinvoke nextSibling.<InternalNode: int getNodeSize()>()": {
        "eline": 150,
        "epos": 16,
        "spos": 6,
        "sline": 150
      }},
      {"temp$79 = temp$77 - temp$78": {
        "eline": 150,
        "epos": 16,
        "spos": 6,
        "sline": 150
      }},
      {"this.<InternalNode: int totalWeight> = temp$79": {
        "eline": 150,
        "epos": 16,
        "spos": 6,
        "sline": 150
      }},
      {"virtualinvoke nextSibling.<InternalNode: void insertNonFull(InsertionResult)>(split)": {
        "eline": 152,
        "epos": 38,
        "spos": 6,
        "sline": 152
      }}
    ],
    "preds": [12],
    "succs": [15]
  },
  "11": {
    "instructions": [{"if indexForInsertion <= mid goto block_13 #3": {
      "eline": 137,
      "epos": 32,
      "ifpos": "(136, 4)-(136, 32)",
      "spos": 9,
      "sline": 137
    }}],
    "preds": [
      9,
      10
    ],
    "succs": [
      12,
      13
    ]
  },
  "12": {
    "instructions": [{"goto block_14": {
      "eline": 137,
      "epos": 32,
      "spos": 9,
      "sline": 137
    }}],
    "preds": [11],
    "succs": [14]
  },
  "3": {
    "instructions": [{"goto block_16": {
      "eline": 119,
      "epos": 54,
      "spos": 24,
      "sline": 119
    }}],
    "preds": [2],
    "succs": [16]
  },
  "2": {
    "instructions": [
      {"temp$8 = virtualinvoke split.<InsertionResult: java.lang.Integer getSplitRootKey()>()": {
        "eline": 119,
        "epos": 54,
        "spos": 24,
        "sline": 119
      }},
      {"if temp$8 != null goto block_4 #0": {
        "eline": 119,
        "epos": 54,
        "ifpos": "(118, 2)-(118, 54)",
        "spos": 24,
        "sline": 119
      }}
    ],
    "preds": [0],
    "succs": [
      3,
      4
    ]
  },
  "1": {
    "instructions": [{"goto block_16": {
      "eline": 119,
      "epos": 19,
      "spos": 7,
      "sline": 119
    }}],
    "preds": [0],
    "succs": [16]
  },
  "10": {
    "instructions": [
      {"temp$21 = this.<InternalNode: java.util.List keys>": {
        "eline": 133,
        "epos": 16,
        "spos": 13,
        "sline": 133
      }},
      {"temp$22 = interfaceinvoke temp$21.<java.util.List: int size()>()": {
        "eline": 133,
        "epos": 16,
        "spos": 13,
        "sline": 133
      }},
      {"temp$23 = temp$22": {
        "eline": 133,
        "epos": 16,
        "spos": 13,
        "sline": 133
      }},
      {"temp$24 = temp$23 + 1": {
        "eline": 133,
        "epos": 16,
        "spos": 13,
        "sline": 133
      }},
      {"temp$25 = temp$24 / 2": {
        "eline": 133,
        "epos": 16,
        "spos": 13,
        "sline": 133
      }},
      {"mid = temp$25": {
        "eline": 133,
        "epos": 8,
        "spos": 6,
        "sline": 133
      }}
    ],
    "preds": [8],
    "succs": [11]
  },
  "0": {
    "instructions": [
      {"temp$0 = virtualinvoke this.<InternalNode: Node getChildNode(int)>(key)": {
        "eline": 113,
        "epos": 39,
        "spos": 23,
        "sline": 113
      }},
      {"child = temp$0": {
        "eline": 113,
        "epos": 39,
        "spos": 23,
        "sline": 113
      }},
      {"temp$1 = this.<InternalNode: int totalWeight>": {
        "eline": 114,
        "epos": 13,
        "spos": 3,
        "sline": 114
      }},
      {"temp$2 = virtualinvoke child.<Node: int getNodeSize()>()": {
        "eline": 114,
        "epos": 13,
        "spos": 3,
        "sline": 114
      }},
      {"temp$3 = temp$1 - temp$2": {
        "eline": 114,
        "epos": 13,
        "spos": 3,
        "sline": 114
      }},
      {"this.<InternalNode: int totalWeight> = temp$3": {
        "eline": 114,
        "epos": 13,
        "spos": 3,
        "sline": 114
      }},
      {"temp$4 = virtualinvoke child.<Node: InsertionResult insert(int,java.lang.Object)>(key, value)": {
        "eline": 115,
        "epos": 58,
        "spos": 3,
        "sline": 115
      }},
      {"split = temp$4": {
        "eline": 115,
        "epos": 58,
        "spos": 3,
        "sline": 115
      }},
      {"temp$5 = this.<InternalNode: int totalWeight>": {
        "eline": 116,
        "epos": 13,
        "spos": 3,
        "sline": 116
      }},
      {"temp$6 = virtualinvoke child.<Node: int getNodeSize()>()": {
        "eline": 116,
        "epos": 13,
        "spos": 3,
        "sline": 116
      }},
      {"temp$7 = temp$5 + temp$6": {
        "eline": 116,
        "epos": 13,
        "spos": 3,
        "sline": 116
      }},
      {"this.<InternalNode: int totalWeight> = temp$7": {
        "eline": 116,
        "epos": 13,
        "spos": 3,
        "sline": 116
      }},
      {"if split != null goto block_2 #0": {
        "eline": 119,
        "epos": 19,
        "ifpos": "(118, 2)-(118, 54)",
        "spos": 7,
        "sline": 119
      }}
    ],
    "preds": [],
    "succs": [
      1,
      2
    ]
  },
  "7": {
    "instructions": [
      {"temp$16 = this.<InternalNode: int t>": {
        "eline": 130,
        "epos": 9,
        "spos": 9,
        "sline": 130
      }},
      {"temp$17 = temp$16 % 2": {
        "eline": 130,
        "epos": 9,
        "spos": 9,
        "sline": 130
      }},
      {"if temp$17 == 0 goto block_9 #2": {
        "eline": 130,
        "epos": 9,
        "ifpos": "(129, 4)-(129, 18)",
        "spos": 9,
        "sline": 130
      }}
    ],
    "preds": [5],
    "succs": [
      8,
      9
    ]
  },
  "6": {
    "instructions": [
      {"virtualinvoke this.<InternalNode: void insertNonFull(InsertionResult,int)>(split, indexForInsertion)": {
        "eline": 124,
        "epos": 43,
        "spos": 5,
        "sline": 124
      }},
      {"goto block_16": {
        "eline": 161,
        "epos": 4,
        "spos": 4,
        "sline": 122
      }}
    ],
    "preds": [4],
    "succs": [16]
  },
  "5": {
    "instructions": [{"goto block_7": {
      "eline": 122,
      "epos": 22,
      "spos": 22,
      "sline": 122
    }}],
    "preds": [4],
    "succs": [7]
  },
  "4": {
    "instructions": [
      {"temp$9 = virtualinvoke split.<InsertionResult: java.lang.Integer getSplitRootKey()>()": {
        "eline": 120,
        "epos": 76,
        "spos": 28,
        "sline": 120
      }},
      {"temp$10 = virtualinvoke temp$9.<java.lang.Integer: int intValue()>()": {
        "eline": 120,
        "epos": 76,
        "spos": 28,
        "sline": 120
      }},
      {"temp$11 = virtualinvoke this.<InternalNode: int findLessThanOrEqualToKey(int)>(temp$10)": {
        "eline": 120,
        "epos": 76,
        "spos": 28,
        "sline": 120
      }},
      {"indexForInsertion = temp$11": {
        "eline": 120,
        "epos": 76,
        "spos": 28,
        "sline": 120
      }},
      {"temp$12 = this.<InternalNode: java.util.List keys>": {
        "eline": 122,
        "epos": 11,
        "spos": 8,
        "sline": 122
      }},
      {"temp$13 = interfaceinvoke temp$12.<java.util.List: int size()>()": {
        "eline": 122,
        "epos": 11,
        "spos": 8,
        "sline": 122
      }},
      {"temp$14 = this.<InternalNode: int t>": {
        "eline": 122,
        "epos": 22,
        "spos": 22,
        "sline": 122
      }},
      {"temp$15 = temp$14 - 1": {
        "eline": 122,
        "epos": 22,
        "spos": 22,
        "sline": 122
      }},
      {"if temp$13 < temp$15 goto block_6 #1": {
        "eline": 122,
        "epos": 22,
        "ifpos": "(121, 3)-(121, 26)",
        "spos": 22,
        "sline": 122
      }}
    ],
    "preds": [2],
    "succs": [
      5,
      6
    ]
  },
  "9": {
    "instructions": [
      {"temp$18 = this.<InternalNode: java.util.List keys>": {
        "eline": 131,
        "epos": 15,
        "spos": 12,
        "sline": 131
      }},
      {"temp$19 = interfaceinvoke temp$18.<java.util.List: int size()>()": {
        "eline": 131,
        "epos": 15,
        "spos": 12,
        "sline": 131
      }},
      {"temp$20 = temp$19 / 2": {
        "eline": 131,
        "epos": 15,
        "spos": 12,
        "sline": 131
      }},
      {"mid = temp$20": {
        "eline": 131,
        "epos": 8,
        "spos": 6,
        "sline": 131
      }},
      {"goto block_11": {
        "eline": 134,
        "epos": 5,
        "spos": 5,
        "sline": 130
      }}
    ],
    "preds": [7],
    "succs": [11]
  },
  "8": {
    "instructions": [{"goto block_10": {
      "eline": 130,
      "epos": 9,
      "spos": 9,
      "sline": 130
    }}],
    "preds": [7],
    "succs": [10]
  }
}