{
  "temp$53": {"20": [20]},
  "temp$15": {"2": [2]},
  "temp$54": {"20": [20]},
  "temp$16": {"2": [2]},
  "temp$51": {"20": [20]},
  "temp$17": {"2": [2]},
  "temp$52": {"20": [20]},
  "temp$18": {"2": [2]},
  "temp$11": {"2": [2]},
  "temp$50": {"20": [20]},
  "temp$12": {"2": [2]},
  "temp$13": {"2": [2]},
  "temp$14": {"2": [2]},
  "temp$19": {"2": [2]},
  "temp$10": {"2": [2]},
  "key": {
    "20": [0],
    "2": [0],
    "10": [0],
    "0": [0]
  },
  "temp$55": {"20": [20]},
  "temp$40": {"15": [15]},
  "temp$41": {"15": [15]},
  "temp$42": {"15": [15]},
  "temp$43": {"15": [15]},
  "temp$49": {"18": [18]},
  "temp$48": {"18": [18]},
  "temp$45": {"17": [17]},
  "temp$44": {"17": [17]},
  "this": {
    "20": [0],
    "2": [0],
    "0": [0],
    "7": [0],
    "17": [0],
    "15": [0],
    "8": [0],
    "12": [0]
  },
  "temp$47": {"17": [17]},
  "temp$46": {"17": [17]},
  "temp$31": {"8": [8]},
  "temp$32": {"10": [10]},
  "orderIndex": {
    "21": [
      4,
      20
    ],
    "20": [
      0,
      15
    ],
    "4": [2],
    "15": [
      0,
      15
    ]
  },
  "temp$30": {"8": [8]},
  "currentKey": {"10": [
    7,
    17
  ]},
  "temp$36": {"12": [12]},
  "temp$35": {"12": [12]},
  "temp$34": {"12": [12]},
  "temp$33": {"10": [10]},
  "temp$39": {"15": [15]},
  "childOrderIndex": {
    "2": [2],
    "4": [2],
    "15": [12],
    "12": [12]
  },
  "temp$38": {"14": [14]},
  "temp$37": {"12": [12]},
  "temp$20": {"2": [2]},
  "temp$21": {"2": [2]},
  "i": {
    "20": [
      7,
      17,
      18
    ],
    "7": [7],
    "17": [
      7,
      17,
      18
    ],
    "18": [
      7,
      17,
      18
    ],
    "15": [
      7,
      17,
      18
    ],
    "8": [
      7,
      17,
      18
    ],
    "12": [
      7,
      17,
      18
    ]
  },
  "temp$1": {"0": [0]},
  "temp$0": {"0": [0]},
  "temp$3": {"0": [0]},
  "temp$2": {"0": [0]},
  "temp$5": {"0": [0]},
  "temp$4": {"0": [0]},
  "temp$7": {"0": [0]},
  "temp$6": {"0": [0]},
  "temp$9": {"2": [2]},
  "temp$23": {"2": [2]},
  "temp$8": {"2": [2]},
  "temp$22": {"2": [2]},
  "temp$25": {"4": [4]},
  "temp$24": {"4": [4]},
  "temp$27": {"7": [7]},
  "temp$26": {"5": [5]},
  "temp$29": {"7": [7]},
  "temp$28": {"7": [7]}
}