{
  "19": {
    "instructions": [{"goto block_8": {
      "eline": 98,
      "epos": 4,
      "spos": 4,
      "sline": 87
    }}],
    "preds": [
      17,
      18
    ],
    "succs": [8]
  },
  "17": {
    "instructions": [
      {"temp$44 = this.<InternalNode: java.util.List keys>": {
        "eline": 95,
        "epos": 22,
        "spos": 19,
        "sline": 95
      }},
      {"temp$45 = i + 1": {
        "eline": 95,
        "epos": 22,
        "spos": 19,
        "sline": 95
      }},
      {"i = temp$45": {
        "eline": 95,
        "epos": 30,
        "spos": 30,
        "sline": 95
      }},
      {"temp$46 = interfaceinvoke temp$44.<java.util.List: java.lang.Object get(int)>(temp$45)": {
        "eline": 95,
        "epos": 30,
        "spos": 30,
        "sline": 95
      }},
      {"temp$47 = (java.lang.Integer) temp$46": {
        "eline": 95,
        "epos": 30,
        "spos": 30,
        "sline": 95
      }},
      {"currentKey = temp$47": {
        "eline": 95,
        "epos": 15,
        "spos": 6,
        "sline": 95
      }},
      {"goto block_19": {
        "eline": 97,
        "epos": 9,
        "spos": 5,
        "sline": 94
      }}
    ],
    "preds": [15],
    "succs": [19]
  },
  "18": {
    "instructions": [
      {"temp$48 = i": {
        "eline": 97,
        "epos": 9,
        "spos": 6,
        "sline": 97
      }},
      {"temp$49 = temp$48 + 1": {
        "eline": 97,
        "epos": 6,
        "spos": 6,
        "sline": 97
      }},
      {"i = temp$49": {
        "eline": 97,
        "epos": 6,
        "spos": 6,
        "sline": 97
      }}
    ],
    "preds": [16],
    "succs": [19]
  },
  "15": {
    "instructions": [
      {"temp$39 = orderIndex": {
        "eline": 92,
        "epos": 35,
        "spos": 6,
        "sline": 92
      }},
      {"temp$40 = temp$39 + childOrderIndex": {
        "eline": 92,
        "epos": 35,
        "spos": 6,
        "sline": 92
      }},
      {"orderIndex = temp$40": {
        "eline": 92,
        "epos": 15,
        "spos": 6,
        "sline": 92
      }},
      {"temp$41 = this.<InternalNode: java.util.List keys>": {
        "eline": 94,
        "epos": 16,
        "spos": 13,
        "sline": 94
      }},
      {"temp$42 = interfaceinvoke temp$41.<java.util.List: int size()>()": {
        "eline": 94,
        "epos": 16,
        "spos": 13,
        "sline": 94
      }},
      {"temp$43 = temp$42 - 1": {
        "eline": 94,
        "epos": 16,
        "spos": 13,
        "sline": 94
      }},
      {"if i < temp$43 goto block_17 #4": {
        "eline": 94,
        "epos": 16,
        "ifpos": "(93, 4)-(93, 27)",
        "spos": 13,
        "sline": 94
      }}
    ],
    "preds": [13],
    "succs": [
      16,
      17
    ]
  },
  "16": {
    "instructions": [{"goto block_18": {
      "eline": 94,
      "epos": 16,
      "spos": 13,
      "sline": 94
    }}],
    "preds": [15],
    "succs": [18]
  },
  "13": {
    "instructions": [{"goto block_15": {
      "eline": 89,
      "epos": 29,
      "spos": 9,
      "sline": 89
    }}],
    "preds": [12],
    "succs": [15]
  },
  "14": {
    "instructions": [
      {"temp$38 = -1": {
        "reliable": false,
        "eline": 89,
        "epos": 29,
        "spos": 9,
        "sline": 89
      }},
      {"return temp$38": {
        "eline": 90,
        "epos": 15,
        "spos": 6,
        "sline": 90
      }}
    ],
    "preds": [12],
    "succs": []
  },
  "11": {
    "instructions": [{"goto block_20": {
      "eline": 87,
      "epos": 58,
      "spos": 30,
      "sline": 87
    }}],
    "preds": [10],
    "succs": [20]
  },
  "12": {
    "instructions": [
      {"temp$34 = this.<InternalNode: java.util.List children>": {
        "eline": 88,
        "epos": 30,
        "spos": 23,
        "sline": 88
      }},
      {"temp$35 = interfaceinvoke temp$34.<java.util.List: java.lang.Object get(int)>(i)": {
        "eline": 88,
        "epos": 30,
        "spos": 23,
        "sline": 88
      }},
      {"temp$36 = (Node) temp$35": {
        "eline": 88,
        "epos": 30,
        "spos": 23,
        "sline": 88
      }},
      {"temp$37 = virtualinvoke temp$36.<Node: int getNodeSize()>()": {
        "eline": 88,
        "epos": 30,
        "spos": 23,
        "sline": 88
      }},
      {"childOrderIndex = temp$37": {
        "eline": 88,
        "epos": 19,
        "spos": 5,
        "sline": 88
      }},
      {"if childOrderIndex == -1 goto block_14 #3": {
        "eline": 89,
        "epos": 29,
        "ifpos": "(88, 4)-(88, 29)",
        "spos": 9,
        "sline": 89
      }}
    ],
    "preds": [10],
    "succs": [
      13,
      14
    ]
  },
  "21": {
    "instructions": [{"return orderIndex": {
      "eline": 103,
      "epos": 20,
      "spos": 3,
      "sline": 103
    }}],
    "preds": [
      6,
      20
    ],
    "succs": []
  },
  "3": {
    "instructions": [{"goto block_5": {
      "eline": 78,
      "epos": 28,
      "spos": 8,
      "sline": 78
    }}],
    "preds": [2],
    "succs": [5]
  },
  "20": {
    "instructions": [
      {"temp$50 = orderIndex": {
        "eline": 100,
        "epos": 44,
        "spos": 4,
        "sline": 100
      }},
      {"temp$51 = this.<InternalNode: java.util.List children>": {
        "eline": 100,
        "epos": 25,
        "spos": 18,
        "sline": 100
      }},
      {"temp$52 = interfaceinvoke temp$51.<java.util.List: java.lang.Object get(int)>(i)": {
        "eline": 100,
        "epos": 25,
        "spos": 18,
        "sline": 100
      }},
      {"temp$53 = (Node) temp$52": {
        "eline": 100,
        "epos": 25,
        "spos": 18,
        "sline": 100
      }},
      {"temp$54 = virtualinvoke temp$53.<Node: int order(int)>(key)": {
        "eline": 100,
        "epos": 25,
        "spos": 18,
        "sline": 100
      }},
      {"temp$55 = temp$50 + temp$54": {
        "eline": 100,
        "epos": 25,
        "spos": 18,
        "sline": 100
      }},
      {"orderIndex = temp$55": {
        "eline": 100,
        "epos": 13,
        "spos": 4,
        "sline": 100
      }}
    ],
    "preds": [
      9,
      11
    ],
    "succs": [21]
  },
  "2": {
    "instructions": [
      {"temp$8 = this.<InternalNode: java.util.List children>": {
        "eline": 76,
        "epos": 43,
        "spos": 36,
        "sline": 76
      }},
      {"temp$9 = this.<InternalNode: java.util.List children>": {
        "eline": 76,
        "epos": 56,
        "spos": 49,
        "sline": 76
      }},
      {"temp$10 = interfaceinvoke temp$9.<java.util.List: int size()>()": {
        "eline": 76,
        "epos": 56,
        "spos": 49,
        "sline": 76
      }},
      {"temp$11 = temp$10 - 1": {
        "eline": 76,
        "epos": 56,
        "spos": 49,
        "sline": 76
      }},
      {"temp$12 = interfaceinvoke temp$8.<java.util.List: java.lang.Object get(int)>(temp$11)": {
        "eline": 76,
        "epos": 56,
        "spos": 49,
        "sline": 76
      }},
      {"temp$13 = (Node) temp$12": {
        "eline": 76,
        "epos": 56,
        "spos": 49,
        "sline": 76
      }},
      {"temp$14 = virtualinvoke temp$13.<Node: int getNodeSize()>()": {
        "eline": 76,
        "epos": 56,
        "spos": 49,
        "sline": 76
      }},
      {"temp$15 = this.<InternalNode: int totalWeight>": {
        "eline": 76,
        "epos": 56,
        "spos": 49,
        "sline": 76
      }},
      {"temp$16 = temp$15 - temp$14": {
        "eline": 76,
        "epos": 56,
        "spos": 49,
        "sline": 76
      }},
      {"orderIndex = temp$16": {
        "eline": 76,
        "epos": 13,
        "spos": 4,
        "sline": 76
      }},
      {"temp$17 = this.<InternalNode: java.util.List children>": {
        "eline": 77,
        "epos": 29,
        "spos": 22,
        "sline": 77
      }},
      {"temp$18 = this.<InternalNode: java.util.List children>": {
        "eline": 77,
        "epos": 42,
        "spos": 35,
        "sline": 77
      }},
      {"temp$19 = interfaceinvoke temp$18.<java.util.List: int size()>()": {
        "eline": 77,
        "epos": 42,
        "spos": 35,
        "sline": 77
      }},
      {"temp$20 = temp$19 - 1": {
        "eline": 77,
        "epos": 42,
        "spos": 35,
        "sline": 77
      }},
      {"temp$21 = interfaceinvoke temp$17.<java.util.List: java.lang.Object get(int)>(temp$20)": {
        "eline": 77,
        "epos": 42,
        "spos": 35,
        "sline": 77
      }},
      {"temp$22 = (Node) temp$21": {
        "eline": 77,
        "epos": 42,
        "spos": 35,
        "sline": 77
      }},
      {"temp$23 = virtualinvoke temp$22.<Node: int order(int)>(key)": {
        "eline": 77,
        "epos": 42,
        "spos": 35,
        "sline": 77
      }},
      {"childOrderIndex = temp$23": {
        "eline": 77,
        "epos": 18,
        "spos": 4,
        "sline": 77
      }},
      {"if childOrderIndex != -1 goto block_4 #1": {
        "eline": 78,
        "epos": 28,
        "ifpos": "(77, 3)-(77, 28)",
        "spos": 8,
        "sline": 78
      }}
    ],
    "preds": [0],
    "succs": [
      3,
      4
    ]
  },
  "1": {
    "instructions": [{"goto block_7": {
      "eline": 73,
      "epos": 19,
      "spos": 16,
      "sline": 73
    }}],
    "preds": [0],
    "succs": [7]
  },
  "10": {
    "instructions": [
      {"temp$32 = staticinvoke <java.lang.Integer: java.lang.Integer valueOf(int)>(key)": {
        "eline": 87,
        "epos": 58,
        "spos": 30,
        "sline": 87
      }},
      {"temp$33 = virtualinvoke currentKey.<java.lang.Integer: int compareTo(java.lang.Integer)>(temp$32)": {
        "eline": 87,
        "epos": 58,
        "spos": 30,
        "sline": 87
      }},
      {"if temp$33 < 0 goto block_12 #2": {
        "eline": 87,
        "epos": 58,
        "ifpos": "(86, 3)-(86, 58)",
        "spos": 30,
        "sline": 87
      }}
    ],
    "preds": [8],
    "succs": [
      11,
      12
    ]
  },
  "0": {
    "instructions": [
      {"orderIndex = 0": {
        "eline": 69,
        "epos": 21,
        "spos": 3,
        "sline": 69
      }},
      {"temp$0 = this.<InternalNode: java.util.List keys>": {
        "eline": 73,
        "epos": 10,
        "spos": 7,
        "sline": 73
      }},
      {"temp$1 = this.<InternalNode: java.util.List keys>": {
        "eline": 73,
        "epos": 19,
        "spos": 16,
        "sline": 73
      }},
      {"temp$2 = interfaceinvoke temp$1.<java.util.List: int size()>()": {
        "eline": 73,
        "epos": 19,
        "spos": 16,
        "sline": 73
      }},
      {"temp$3 = temp$2 - 1": {
        "eline": 73,
        "epos": 19,
        "spos": 16,
        "sline": 73
      }},
      {"temp$4 = interfaceinvoke temp$0.<java.util.List: java.lang.Object get(int)>(temp$3)": {
        "eline": 73,
        "epos": 19,
        "spos": 16,
        "sline": 73
      }},
      {"temp$5 = (java.lang.Integer) temp$4": {
        "eline": 73,
        "epos": 19,
        "spos": 16,
        "sline": 73
      }},
      {"temp$6 = staticinvoke <java.lang.Integer: java.lang.Integer valueOf(int)>(key)": {
        "eline": 73,
        "epos": 19,
        "spos": 16,
        "sline": 73
      }},
      {"temp$7 = virtualinvoke temp$5.<java.lang.Integer: int compareTo(java.lang.Integer)>(temp$6)": {
        "eline": 73,
        "epos": 19,
        "spos": 16,
        "sline": 73
      }},
      {"if temp$7 < 0 goto block_2 #0": {
        "eline": 73,
        "epos": 19,
        "ifpos": "(72, 2)-(72, 50)",
        "spos": 16,
        "sline": 73
      }}
    ],
    "preds": [],
    "succs": [
      1,
      2
    ]
  },
  "7": {
    "instructions": [
      {"i = 0": {
        "eline": 83,
        "epos": 13,
        "spos": 4,
        "sline": 83
      }},
      {"temp$27 = this.<InternalNode: java.util.List keys>": {
        "eline": 86,
        "epos": 28,
        "spos": 25,
        "sline": 86
      }},
      {"temp$28 = interfaceinvoke temp$27.<java.util.List: java.lang.Object get(int)>(i)": {
        "eline": 86,
        "epos": 28,
        "spos": 25,
        "sline": 86
      }},
      {"temp$29 = (java.lang.Integer) temp$28": {
        "eline": 86,
        "epos": 28,
        "spos": 25,
        "sline": 86
      }},
      {"currentKey = temp$29": {
        "eline": 86,
        "epos": 28,
        "spos": 25,
        "sline": 86
      }}
    ],
    "preds": [1],
    "succs": [8]
  },
  "6": {
    "instructions": [{"goto block_21": {
      "eline": 101,
      "epos": 3,
      "spos": 3,
      "sline": 73
    }}],
    "preds": [4],
    "succs": [21]
  },
  "5": {
    "instructions": [
      {"temp$26 = -1": {
        "reliable": false,
        "eline": 81,
        "epos": 14,
        "spos": 4,
        "sline": 78
      }},
      {"return temp$26": {
        "eline": 81,
        "epos": 14,
        "spos": 5,
        "sline": 81
      }}
    ],
    "preds": [3],
    "succs": []
  },
  "4": {
    "instructions": [
      {"temp$24 = orderIndex": {
        "eline": 79,
        "epos": 34,
        "spos": 5,
        "sline": 79
      }},
      {"temp$25 = temp$24 + childOrderIndex": {
        "eline": 79,
        "epos": 34,
        "spos": 5,
        "sline": 79
      }},
      {"orderIndex = temp$25": {
        "eline": 79,
        "epos": 14,
        "spos": 5,
        "sline": 79
      }},
      {"goto block_6": {
        "eline": 81,
        "epos": 14,
        "spos": 4,
        "sline": 78
      }}
    ],
    "preds": [2],
    "succs": [6]
  },
  "9": {
    "instructions": [{"goto block_20": {
      "eline": 87,
      "epos": 18,
      "spos": 15,
      "sline": 87
    }}],
    "preds": [8],
    "succs": [20]
  },
  "8": {
    "instructions": [
      {"temp$30 = this.<InternalNode: java.util.List keys>": {
        "eline": 87,
        "epos": 18,
        "spos": 15,
        "sline": 87
      }},
      {"temp$31 = interfaceinvoke temp$30.<java.util.List: int size()>()": {
        "eline": 87,
        "epos": 18,
        "spos": 15,
        "sline": 87
      }},
      {"if i < temp$31 goto block_10 #2": {
        "eline": 87,
        "epos": 18,
        "ifpos": "(86, 3)-(86, 58)",
        "spos": 15,
        "sline": 87
      }}
    ],
    "preds": [
      7,
      19
    ],
    "succs": [
      9,
      10
    ]
  }
}