{
  "temp$15": {"9": [9]},
  "temp$16": {"9": [9]},
  "temp$17": {"9": [9]},
  "temp$18": {"11": [11]},
  "temp$11": {"7": [7]},
  "temp$12": {"7": [7]},
  "temp$13": {"7": [7]},
  "temp$14": {"8": [8]},
  "temp$19": {"11": [11]},
  "temp$10": {"7": [7]},
  "index": {
    "2": [0],
    "9": [0],
    "11": [0],
    "12": [0]
  },
  "temp$20": {"11": [11]},
  "temp$21": {"12": [12]},
  "temp$1": {"0": [0]},
  "temp$0": {"0": [0]},
  "temp$3": {"2": [2]},
  "temp$2": {"2": [2]},
  "temp$5": {"4": [4]},
  "temp$4": {"4": [4]},
  "temp$7": {"4": [4]},
  "temp$23": {"12": [12]},
  "temp$9": {"6": [6]},
  "temp$22": {"12": [12]},
  "temp$8": {"4": [4]},
  "split": {
    "7": [0],
    "6": [0],
    "4": [0],
    "9": [0],
    "8": [0],
    "11": [0],
    "12": [0]
  },
  "this": {
    "2": [0],
    "0": [0],
    "7": [0],
    "6": [0],
    "4": [0],
    "9": [0],
    "8": [0],
    "11": [0],
    "12": [0]
  }
}