{
  "3": {
    "instructions": [{"return": {
      "eline": 34,
      "epos": 19,
      "spos": 9,
      "sline": 34
    }}],
    "preds": [1],
    "succs": []
  },
  "2": {
    "instructions": [
      {"temp$6 = interfaceinvoke temp$4.<java.util.Iterator: java.lang.Object next()>()": {
        "eline": 31,
        "epos": 6,
        "spos": 3,
        "sline": 31
      }},
      {"child = (Node) temp$6": {
        "eline": 31,
        "epos": 6,
        "spos": 3,
        "sline": 31
      }},
      {"temp$7 = this.<InternalNode: int totalWeight>": {
        "eline": 34,
        "epos": 7,
        "spos": 4,
        "sline": 34
      }},
      {"temp$8 = virtualinvoke child.<Node: int getNodeSize()>()": {
        "eline": 34,
        "epos": 7,
        "spos": 4,
        "sline": 34
      }},
      {"temp$9 = temp$7 + temp$8": {
        "eline": 34,
        "epos": 7,
        "spos": 4,
        "sline": 34
      }},
      {"this.<InternalNode: int totalWeight> = temp$9": {
        "eline": 34,
        "epos": 19,
        "spos": 9,
        "sline": 34
      }},
      {"goto block_1": {
        "eline": 34,
        "epos": 19,
        "spos": 9,
        "sline": 34
      }}
    ],
    "preds": [1],
    "succs": [1]
  },
  "1": {
    "instructions": [
      {"temp$5 = interfaceinvoke temp$4.<java.util.Iterator: boolean hasNext()>()": {
        "eline": 31,
        "epos": 6,
        "spos": 3,
        "sline": 31
      }},
      {"if temp$5 == 0 goto block_3 #0": {
        "eline": 31,
        "epos": 6,
        "ifpos": "(29, 24)-(30, 32)",
        "spos": 3,
        "sline": 31
      }}
    ],
    "preds": [
      0,
      2
    ],
    "succs": [
      2,
      3
    ]
  },
  "0": {
    "instructions": [
      {"specialinvoke this.<InternalNode: void <init>(int)>(totalKeys)": {
        "eline": 29,
        "epos": 17,
        "spos": 3,
        "sline": 29
      }},
      {"temp$0 = this.<InternalNode: java.util.List keys>": {
        "eline": 30,
        "epos": 6,
        "spos": 3,
        "sline": 30
      }},
      {"interfaceinvoke temp$0.<java.util.List: boolean addAll(java.util.Collection)>(keys)": {
        "eline": 30,
        "epos": 6,
        "spos": 3,
        "sline": 30
      }},
      {"temp$2 = this.<InternalNode: java.util.List children>": {
        "eline": 31,
        "epos": 6,
        "spos": 3,
        "sline": 31
      }},
      {"interfaceinvoke temp$2.<java.util.List: boolean addAll(java.util.Collection)>(children)": {
        "eline": 31,
        "epos": 6,
        "spos": 3,
        "sline": 31
      }},
      {"temp$4 = interfaceinvoke children.<java.lang.Iterable: java.util.Iterator iterator()>()": {
        "eline": 31,
        "epos": 6,
        "spos": 3,
        "sline": 31
      }}
    ],
    "preds": [],
    "succs": [1]
  }
}