{"0": {
  "instructions": [
    {"temp$0 = this.<IntegerBloomFilter: int expectedNumberOfElements>": {
      "eline": 59,
      "epos": 61,
      "spos": 38,
      "sline": 59
    }},
    {"temp$1 = (double) temp$0": {
      "eline": 59,
      "epos": 61,
      "spos": 38,
      "sline": 59
    }},
    {"temp$2 = virtualinvoke this.<IntegerBloomFilter: double getFalsePositiveProbability(double)>(temp$1)": {
      "eline": 59,
      "epos": 61,
      "spos": 38,
      "sline": 59
    }},
    {"return temp$2": {
      "eline": 59,
      "epos": 63,
      "spos": 3,
      "sline": 59
    }}
  ],
  "preds": [],
  "succs": []
}}