{
  "3": {
    "instructions": [{"goto block_5": {
      "eline": 125,
      "epos": 45,
      "spos": 36,
      "sline": 125
    }}],
    "preds": [2],
    "succs": [5]
  },
  "2": {
    "instructions": [
      {"temp$4 = hashes[temp$2]": {
        "eline": 127,
        "epos": 3,
        "spos": 3,
        "sline": 124
      }},
      {"hash = temp$4": {
        "eline": 127,
        "epos": 3,
        "spos": 3,
        "sline": 124
      }},
      {"temp$5 = this.<IntegerBloomFilter: java.util.BitSet bitset>": {
        "eline": 125,
        "epos": 14,
        "spos": 9,
        "sline": 125
      }},
      {"temp$6 = this.<IntegerBloomFilter: int bitSetSize>": {
        "eline": 125,
        "epos": 45,
        "spos": 36,
        "sline": 125
      }},
      {"temp$7 = hash % temp$6": {
        "eline": 125,
        "epos": 45,
        "spos": 36,
        "sline": 125
      }},
      {"temp$8 = staticinvoke <java.lang.Math: int abs(int)>(temp$7)": {
        "eline": 125,
        "epos": 45,
        "spos": 36,
        "sline": 125
      }},
      {"temp$9 = virtualinvoke temp$5.<java.util.BitSet: boolean get(int)>(temp$8)": {
        "eline": 125,
        "epos": 45,
        "spos": 36,
        "sline": 125
      }},
      {"if temp$9 == 0 goto block_4 #1": {
        "eline": 125,
        "epos": 45,
        "ifpos": "(124, 3)-(124, 47)",
        "spos": 36,
        "sline": 125
      }}
    ],
    "preds": [1],
    "succs": [
      3,
      4
    ]
  },
  "1": {
    "instructions": [
      {"temp$3 = lengthof hashes": {
        "eline": 127,
        "epos": 3,
        "spos": 3,
        "sline": 124
      }},
      {"if temp$2 >= temp$3 goto block_6 #0": {
        "eline": 127,
        "epos": 3,
        "ifpos": "(121, 41)-(128, 13)",
        "spos": 3,
        "sline": 124
      }}
    ],
    "preds": [
      0,
      5
    ],
    "succs": [
      2,
      6
    ]
  },
  "0": {
    "instructions": [
      {"temp$0 = this.<IntegerBloomFilter: int k>": {
        "eline": 122,
        "epos": 40,
        "spos": 40,
        "sline": 122
      }},
      {"temp$1 = virtualinvoke this.<IntegerBloomFilter: int[] createHashes(int,int)>(element, temp$0)": {
        "eline": 122,
        "epos": 40,
        "spos": 40,
        "sline": 122
      }},
      {"hashes = temp$1": {
        "eline": 122,
        "epos": 40,
        "spos": 40,
        "sline": 122
      }},
      {"temp$2 = 0": {
        "reliable": false,
        "eline": 122,
        "epos": 40,
        "spos": 40,
        "sline": 122
      }}
    ],
    "preds": [],
    "succs": [1]
  },
  "6": {
    "instructions": [
      {"temp$11 = 1": {
        "reliable": false,
        "eline": 126,
        "epos": 17,
        "spos": 5,
        "sline": 126
      }},
      {"return temp$11": {
        "eline": 129,
        "epos": 14,
        "spos": 3,
        "sline": 129
      }}
    ],
    "preds": [1],
    "succs": []
  },
  "5": {
    "instructions": [
      {"temp$2 = temp$2 + 1": {
        "eline": 126,
        "epos": 17,
        "spos": 5,
        "sline": 126
      }},
      {"goto block_1": {
        "eline": 126,
        "epos": 17,
        "spos": 5,
        "sline": 126
      }}
    ],
    "preds": [3],
    "succs": [1]
  },
  "4": {
    "instructions": [
      {"temp$10 = 0": {
        "reliable": false,
        "eline": 125,
        "epos": 45,
        "spos": 36,
        "sline": 125
      }},
      {"return temp$10": {
        "eline": 126,
        "epos": 17,
        "spos": 5,
        "sline": 126
      }}
    ],
    "preds": [2],
    "succs": []
  }
}