{
  "hashValues": {
    "3": [0],
    "4": [0]
  },
  "hashes": {
    "1": [0],
    "0": [0]
  },
  "temp$11": {"3": [3]},
  "data": {"3": [0]},
  "i": {
    "3": [
      0,
      3
    ],
    "1": [
      0,
      3
    ]
  },
  "temp$1": {"3": [3]},
  "temp$0": {"3": [3]},
  "temp$3": {"3": [3]},
  "temp$2": {"3": [3]},
  "temp$5": {"3": [3]},
  "temp$4": {"3": [3]},
  "temp$7": {"3": [3]},
  "temp$6": {"3": [3]},
  "temp$9": {"3": [3]},
  "temp$8": {"3": [3]},
  "temp$10": {"3": [3]},
  "this": {"3": [0]}
}