{
  "temp$53": {"14": [14]},
  "temp$54": {"14": [14]},
  "temp$51": {"14": [14]},
  "temp$52": {"14": [14]},
  "temp$50": {"14": [14]},
  "temp$59": {"14": [14]},
  "temp$58": {"14": [14]},
  "temp$57": {"14": [14]},
  "temp$56": {"14": [14]},
  "temp$55": {"14": [14]},
  "temp$40": {"13": [13]},
  "temp$41": {"13": [13]},
  "temp$42": {"13": [13]},
  "temp$43": {"13": [13]},
  "temp$49": {"14": [14]},
  "temp$48": {"13": [13]},
  "split": {
    "2": [0],
    "0": [0],
    "6": [0],
    "4": [0],
    "15": [0],
    "16": [0],
    "13": [0],
    "14": [0]
  },
  "temp$45": {"13": [13]},
  "temp$44": {"13": [13]},
  "temp$47": {"13": [13]},
  "temp$46": {"13": [13]},
  "temp$31": {"13": [13]},
  "temp$32": {"13": [13]},
  "temp$30": {"13": [13]},
  "temp$36": {"13": [13]},
  "temp$35": {"13": [13]},
  "temp$34": {"13": [13]},
  "temp$33": {"13": [13]},
  "temp$39": {"13": [13]},
  "temp$38": {"13": [13]},
  "temp$37": {"13": [13]},
  "temp$20": {"9": [9]},
  "temp$21": {"10": [10]},
  "temp$23": {"10": [10]},
  "temp$22": {"10": [10]},
  "temp$25": {"10": [10]},
  "mid": {
    "13": [
      9,
      10
    ],
    "14": [
      9,
      10
    ],
    "11": [
      9,
      10
    ]
  },
  "temp$24": {"10": [10]},
  "temp$27": {"13": [13]},
  "temp$26": {"13": [13]},
  "temp$29": {"13": [13]},
  "temp$28": {"13": [13]},
  "temp$90": {"15": [15]},
  "temp$15": {"4": [4]},
  "temp$16": {"7": [7]},
  "temp$17": {"7": [7]},
  "newRoot": {"15": [15]},
  "temp$18": {"9": [9]},
  "temp$11": {"4": [4]},
  "temp$12": {"4": [4]},
  "temp$13": {"4": [4]},
  "temp$14": {"4": [4]},
  "temp$94": {"16": [16]},
  "temp$19": {"9": [9]},
  "temp$93": {"16": [16]},
  "temp$92": {"15": [15]},
  "value": {"0": [0]},
  "temp$10": {"4": [4]},
  "key": {"0": [0]},
  "nextSibling": {
    "15": [
      13,
      14
    ],
    "13": [13],
    "14": [14]
  },
  "temp$85": {"15": [15]},
  "temp$84": {"15": [15]},
  "temp$87": {"15": [15]},
  "temp$86": {"15": [15]},
  "temp$81": {"15": [15]},
  "temp$80": {"15": [15]},
  "temp$83": {"15": [15]},
  "temp$82": {"15": [15]},
  "temp$88": {"15": [15]},
  "temp$89": {"15": [15]},
  "this": {
    "10": [0],
    "0": [0],
    "7": [0],
    "6": [0],
    "4": [0],
    "15": [0],
    "9": [0],
    "13": [0],
    "14": [0]
  },
  "temp$72": {"14": [14]},
  "temp$71": {"14": [14]},
  "temp$70": {"14": [14]},
  "temp$76": {"14": [14]},
  "temp$75": {"14": [14]},
  "temp$74": {"14": [14]},
  "temp$73": {"14": [14]},
  "child": {"0": [0]},
  "temp$79": {"14": [14]},
  "temp$77": {"14": [14]},
  "temp$78": {"14": [14]},
  "indexForInsertion": {
    "6": [4],
    "11": [4]
  },
  "temp$61": {"14": [14]},
  "temp$60": {"14": [14]},
  "temp$63": {"14": [14]},
  "temp$62": {"14": [14]},
  "temp$65": {"14": [14]},
  "temp$64": {"14": [14]},
  "temp$1": {"0": [0]},
  "temp$66": {"14": [14]},
  "temp$0": {"0": [0]},
  "temp$67": {"14": [14]},
  "temp$3": {"0": [0]},
  "temp$68": {"14": [14]},
  "temp$2": {"0": [0]},
  "temp$69": {"14": [14]},
  "temp$5": {"0": [0]},
  "temp$4": {"0": [0]},
  "temp$7": {"0": [0]},
  "temp$6": {"0": [0]},
  "temp$9": {"4": [4]},
  "temp$8": {"2": [2]}
}