{
  "3": {
    "instructions": [{"goto block_9": {
      "eline": 181,
      "epos": 37,
      "spos": 34,
      "sline": 181
    }}],
    "preds": [2],
    "succs": [9]
  },
  "2": {
    "instructions": [
      {"temp$2 = this.<InternalNode: java.util.List keys>": {
        "eline": 181,
        "epos": 37,
        "spos": 34,
        "sline": 181
      }},
      {"temp$3 = interfaceinvoke temp$2.<java.util.List: int size()>()": {
        "eline": 181,
        "epos": 37,
        "spos": 34,
        "sline": 181
      }},
      {"if index == temp$3 goto block_4 #0": {
        "eline": 181,
        "epos": 37,
        "ifpos": "(180, 2)-(180, 44)",
        "spos": 34,
        "sline": 181
      }}
    ],
    "preds": [0],
    "succs": [
      3,
      4
    ]
  },
  "10": {
    "instructions": [{"goto block_12": {
      "eline": 197,
      "epos": 17,
      "spos": 8,
      "sline": 197
    }}],
    "preds": [9],
    "succs": [12]
  },
  "1": {
    "instructions": [{"goto block_4": {
      "eline": 181,
      "epos": 10,
      "spos": 7,
      "sline": 181
    }}],
    "preds": [0],
    "succs": [4]
  },
  "0": {
    "instructions": [
      {"temp$0 = this.<InternalNode: java.util.List keys>": {
        "eline": 181,
        "epos": 10,
        "spos": 7,
        "sline": 181
      }},
      {"temp$1 = interfaceinvoke temp$0.<java.util.List: boolean isEmpty()>()": {
        "eline": 181,
        "epos": 10,
        "spos": 7,
        "sline": 181
      }},
      {"if temp$1 == 0 goto block_2 #0": {
        "eline": 181,
        "epos": 10,
        "ifpos": "(180, 2)-(180, 44)",
        "spos": 7,
        "sline": 181
      }}
    ],
    "preds": [],
    "succs": [
      1,
      2
    ]
  },
  "7": {
    "instructions": [
      {"temp$10 = this.<InternalNode: java.util.List children>": {
        "eline": 187,
        "epos": 21,
        "spos": 14,
        "sline": 187
      }},
      {"temp$11 = interfaceinvoke temp$10.<java.util.List: int size()>()": {
        "eline": 187,
        "epos": 21,
        "spos": 14,
        "sline": 187
      }},
      {"temp$12 = temp$11 - 1": {
        "eline": 187,
        "epos": 21,
        "spos": 14,
        "sline": 187
      }},
      {"temp$13 = virtualinvoke split.<InsertionResult: Node getLeftNode()>()": {
        "eline": 187,
        "epos": 21,
        "spos": 14,
        "sline": 187
      }},
      {"virtualinvoke this.<InternalNode: void setChild(int,Node)>(temp$12, temp$13)": {
        "eline": 187,
        "epos": 21,
        "spos": 14,
        "sline": 187
      }}
    ],
    "preds": [4],
    "succs": [8]
  },
  "6": {
    "instructions": [
      {"temp$9 = virtualinvoke split.<InsertionResult: Node getLeftNode()>()": {
        "eline": 185,
        "epos": 33,
        "spos": 5,
        "sline": 185
      }},
      {"virtualinvoke this.<InternalNode: void addChild(Node)>(temp$9)": {
        "eline": 185,
        "epos": 33,
        "spos": 5,
        "sline": 185
      }},
      {"goto block_8": {
        "eline": 188,
        "epos": 4,
        "spos": 4,
        "sline": 184
      }}
    ],
    "preds": [5],
    "succs": [8]
  },
  "5": {
    "instructions": [{"goto block_6": {
      "eline": 184,
      "epos": 15,
      "spos": 8,
      "sline": 184
    }}],
    "preds": [4],
    "succs": [6]
  },
  "4": {
    "instructions": [
      {"temp$4 = this.<InternalNode: java.util.List keys>": {
        "eline": 182,
        "epos": 7,
        "spos": 4,
        "sline": 182
      }},
      {"temp$5 = virtualinvoke split.<InsertionResult: java.lang.Integer getSplitRootKey()>()": {
        "eline": 182,
        "epos": 7,
        "spos": 4,
        "sline": 182
      }},
      {"interfaceinvoke temp$4.<java.util.List: boolean add(java.lang.Object)>(temp$5)": {
        "eline": 182,
        "epos": 7,
        "spos": 4,
        "sline": 182
      }},
      {"temp$7 = this.<InternalNode: java.util.List children>": {
        "eline": 184,
        "epos": 15,
        "spos": 8,
        "sline": 184
      }},
      {"temp$8 = interfaceinvoke temp$7.<java.util.List: boolean isEmpty()>()": {
        "eline": 184,
        "epos": 15,
        "spos": 8,
        "sline": 184
      }},
      {"if temp$8 == 0 goto block_7 #1": {
        "eline": 184,
        "epos": 15,
        "ifpos": "(183, 3)-(183, 25)",
        "spos": 8,
        "sline": 184
      }}
    ],
    "preds": [
      1,
      2
    ],
    "succs": [
      5,
      7
    ]
  },
  "9": {
    "instructions": [
      {"temp$15 = this.<InternalNode: java.util.List keys>": {
        "eline": 193,
        "epos": 7,
        "spos": 4,
        "sline": 193
      }},
      {"temp$16 = virtualinvoke split.<InsertionResult: java.lang.Integer getSplitRootKey()>()": {
        "eline": 193,
        "epos": 7,
        "spos": 4,
        "sline": 193
      }},
      {"interfaceinvoke temp$15.<java.util.List: void add(int,java.lang.Object)>(index, temp$16)": {
        "eline": 193,
        "epos": 7,
        "spos": 4,
        "sline": 193
      }},
      {"temp$17 = virtualinvoke split.<InsertionResult: Node getLeftNode()>()": {
        "eline": 195,
        "epos": 39,
        "spos": 4,
        "sline": 195
      }},
      {"virtualinvoke this.<InternalNode: void setChild(int,Node)>(index, temp$17)": {
        "eline": 195,
        "epos": 39,
        "spos": 4,
        "sline": 195
      }},
      {"if index == 0 goto block_11 #2": {
        "eline": 197,
        "epos": 17,
        "ifpos": "(196, 3)-(196, 17)",
        "spos": 8,
        "sline": 197
      }}
    ],
    "preds": [3],
    "succs": [
      10,
      11
    ]
  },
  "8": {
    "instructions": [
      {"temp$14 = virtualinvoke split.<InsertionResult: Node getRightNode()>()": {
        "eline": 190,
        "epos": 33,
        "spos": 4,
        "sline": 190
      }},
      {"virtualinvoke this.<InternalNode: void addChild(Node)>(temp$14)": {
        "eline": 190,
        "epos": 33,
        "spos": 4,
        "sline": 190
      }},
      {"goto block_13": {
        "eline": 203,
        "epos": 3,
        "spos": 3,
        "sline": 181
      }}
    ],
    "preds": [
      6,
      7
    ],
    "succs": [13]
  },
  "13": {
    "instructions": [{"return": {
      "eline": 200,
      "epos": 45,
      "spos": 5,
      "sline": 200
    }}],
    "preds": [
      8,
      11,
      12
    ],
    "succs": []
  },
  "11": {
    "instructions": [
      {"temp$18 = index": {
        "eline": 198,
        "epos": 45,
        "spos": 5,
        "sline": 198
      }},
      {"temp$19 = temp$18 + 1": {
        "eline": 198,
        "epos": 45,
        "spos": 5,
        "sline": 198
      }},
      {"temp$20 = virtualinvoke split.<InsertionResult: Node getRightNode()>()": {
        "eline": 198,
        "epos": 45,
        "spos": 5,
        "sline": 198
      }},
      {"virtualinvoke this.<InternalNode: void addChild(int,Node)>(temp$19, temp$20)": {
        "eline": 198,
        "epos": 45,
        "spos": 5,
        "sline": 198
      }},
      {"goto block_13": {
        "eline": 201,
        "epos": 4,
        "spos": 4,
        "sline": 197
      }}
    ],
    "preds": [9],
    "succs": [13]
  },
  "12": {
    "instructions": [
      {"temp$21 = index": {
        "eline": 200,
        "epos": 45,
        "spos": 5,
        "sline": 200
      }},
      {"temp$22 = temp$21 + 1": {
        "eline": 200,
        "epos": 45,
        "spos": 5,
        "sline": 200
      }},
      {"temp$23 = virtualinvoke split.<InsertionResult: Node getRightNode()>()": {
        "eline": 200,
        "epos": 45,
        "spos": 5,
        "sline": 200
      }},
      {"virtualinvoke this.<InternalNode: void addChild(int,Node)>(temp$22, temp$23)": {
        "eline": 200,
        "epos": 45,
        "spos": 5,
        "sline": 200
      }}
    ],
    "preds": [10],
    "succs": [13]
  }
}