{"0": {
  "instructions": [
    {"temp$0 = this.<InternalNode: int totalWeight>": {
      "eline": 232,
      "epos": 13,
      "spos": 3,
      "sline": 232
    }},
    {"temp$1 = this.<InternalNode: java.util.List children>": {
      "eline": 232,
      "epos": 25,
      "spos": 18,
      "sline": 232
    }},
    {"temp$2 = interfaceinvoke temp$1.<java.util.List: java.lang.Object get(int)>(index)": {
      "eline": 232,
      "epos": 25,
      "spos": 18,
      "sline": 232
    }},
    {"temp$3 = (Node) temp$2": {
      "eline": 232,
      "epos": 25,
      "spos": 18,
      "sline": 232
    }},
    {"temp$4 = virtualinvoke temp$3.<Node: int getNodeSize()>()": {
      "eline": 232,
      "epos": 25,
      "spos": 18,
      "sline": 232
    }},
    {"temp$5 = temp$0 - temp$4": {
      "eline": 232,
      "epos": 25,
      "spos": 18,
      "sline": 232
    }},
    {"this.<InternalNode: int totalWeight> = temp$5": {
      "eline": 232,
      "epos": 13,
      "spos": 3,
      "sline": 232
    }},
    {"temp$6 = this.<InternalNode: java.util.List children>": {
      "eline": 233,
      "epos": 10,
      "spos": 3,
      "sline": 233
    }},
    {"temp$7 = interfaceinvoke temp$6.<java.util.List: java.lang.Object set(int,java.lang.Object)>(index, node)": {
      "eline": 233,
      "epos": 10,
      "spos": 3,
      "sline": 233
    }},
    {"temp$8 = (Node) temp$7": {
      "eline": 233,
      "epos": 10,
      "spos": 3,
      "sline": 233
    }},
    {"temp$9 = this.<InternalNode: int totalWeight>": {
      "eline": 234,
      "epos": 13,
      "spos": 3,
      "sline": 234
    }},
    {"temp$10 = virtualinvoke node.<Node: int getNodeSize()>()": {
      "eline": 234,
      "epos": 13,
      "spos": 3,
      "sline": 234
    }},
    {"temp$11 = temp$9 + temp$10": {
      "eline": 234,
      "epos": 13,
      "spos": 3,
      "sline": 234
    }},
    {"this.<InternalNode: int totalWeight> = temp$11": {
      "eline": 234,
      "epos": 13,
      "spos": 3,
      "sline": 234
    }},
    {"return": {
      "eline": 234,
      "epos": 13,
      "spos": 3,
      "sline": 234
    }}
  ],
  "preds": [],
  "succs": []
}}