{
  "3": {
    "instructions": [
      {"temp$0 = hashValues": {
        "eline": 97,
        "epos": 64,
        "spos": 4,
        "sline": 97
      }},
      {"temp$1 = i": {
        "eline": 97,
        "epos": 64,
        "spos": 4,
        "sline": 97
      }},
      {"temp$2 = i": {
        "eline": 97,
        "epos": 64,
        "spos": 4,
        "sline": 97
      }},
      {"temp$3 = this.<IntegerBloomFilter: int hashParam1>": {
        "eline": 97,
        "epos": 35,
        "spos": 26,
        "sline": 97
      }},
      {"temp$4 = temp$2 + temp$3": {
        "eline": 97,
        "epos": 35,
        "spos": 26,
        "sline": 97
      }},
      {"temp$5 = temp$4 * data": {
        "eline": 97,
        "epos": 35,
        "spos": 26,
        "sline": 97
      }},
      {"temp$6 = temp$5": {
        "eline": 97,
        "epos": 35,
        "spos": 26,
        "sline": 97
      }},
      {"temp$7 = this.<IntegerBloomFilter: int hashParam2>": {
        "eline": 97,
        "epos": 56,
        "spos": 47,
        "sline": 97
      }},
      {"temp$8 = temp$6 + temp$7": {
        "eline": 97,
        "epos": 56,
        "spos": 47,
        "sline": 97
      }},
      {"temp$9 = temp$8 % 701": {
        "eline": 97,
        "epos": 56,
        "spos": 47,
        "sline": 97
      }},
      {"temp$0[temp$1] = temp$9": {
        "eline": 97,
        "epos": 16,
        "spos": 14,
        "sline": 97
      }},
      {"temp$10 = i": {
        "eline": 96,
        "epos": 33,
        "spos": 31,
        "sline": 96
      }},
      {"temp$11 = temp$10 + 1": {
        "eline": 96,
        "epos": 31,
        "spos": 31,
        "sline": 96
      }},
      {"i = temp$11": {
        "eline": 96,
        "epos": 31,
        "spos": 31,
        "sline": 96
      }},
      {"goto block_1": {
        "eline": 98,
        "epos": 3,
        "spos": 3,
        "sline": 96
      }}
    ],
    "preds": [1],
    "succs": [1]
  },
  "2": {
    "instructions": [{"goto block_4": {
      "eline": 96,
      "epos": 28,
      "spos": 19,
      "sline": 96
    }}],
    "preds": [1],
    "succs": [4]
  },
  "1": {
    "instructions": [{"if i < hashes goto block_3 #0": {
      "eline": 96,
      "epos": 28,
      "ifpos": "(95, 16)-(95, 28)",
      "spos": 19,
      "sline": 96
    }}],
    "preds": [
      0,
      3
    ],
    "succs": [
      2,
      3
    ]
  },
  "0": {
    "instructions": [
      {"hashValues = newarray (int)[hashes]": {
        "eline": 94,
        "epos": 37,
        "spos": 3,
        "sline": 94
      }},
      {"i = 0": {
        "eline": 96,
        "epos": 16,
        "spos": 8,
        "sline": 96
      }}
    ],
    "preds": [],
    "succs": [1]
  },
  "4": {
    "instructions": [{"return hashValues": {
      "eline": 100,
      "epos": 20,
      "spos": 3,
      "sline": 100
    }}],
    "preds": [2],
    "succs": []
  }
}