{
  "3": {
    "instructions": [
      {"prev.<LeafNode: LeafNode next> = this": {
        "eline": 36,
        "epos": 11,
        "spos": 8,
        "sline": 36
      }},
      {"return": {
        "eline": 36,
        "epos": 11,
        "spos": 8,
        "sline": 36
      }}
    ],
    "preds": [
      1,
      2
    ],
    "succs": []
  },
  "2": {
    "instructions": [
      {"temp$2 = this.<LeafNode: LeafNode next>": {
        "eline": 34,
        "epos": 7,
        "spos": 4,
        "sline": 34
      }},
      {"temp$2.<LeafNode: LeafNode prev> = this": {
        "eline": 34,
        "epos": 17,
        "spos": 14,
        "sline": 34
      }}
    ],
    "preds": [0],
    "succs": [3]
  },
  "1": {
    "instructions": [{"goto block_3": {
      "eline": 33,
      "epos": 10,
      "spos": 7,
      "sline": 33
    }}],
    "preds": [0],
    "succs": [3]
  },
  "0": {
    "instructions": [
      {"specialinvoke this.<LeafNode: void <init>(int)>(totalKeys)": {
        "eline": 30,
        "epos": 17,
        "spos": 3,
        "sline": 30
      }},
      {"this.<LeafNode: LeafNode prev> = prev": {
        "eline": 31,
        "epos": 11,
        "spos": 8,
        "sline": 31
      }},
      {"temp$0 = prev.<LeafNode: LeafNode next>": {
        "eline": 32,
        "epos": 6,
        "spos": 3,
        "sline": 32
      }},
      {"this.<LeafNode: LeafNode next> = temp$0": {
        "eline": 32,
        "epos": 11,
        "spos": 8,
        "sline": 32
      }},
      {"temp$1 = this.<LeafNode: LeafNode next>": {
        "eline": 33,
        "epos": 10,
        "spos": 7,
        "sline": 33
      }},
      {"if temp$1 != null goto block_2 #0": {
        "eline": 33,
        "epos": 10,
        "ifpos": "(32, 2)-(32, 23)",
        "spos": 7,
        "sline": 33
      }}
    ],
    "preds": [],
    "succs": [
      1,
      2
    ]
  }
}