{
  "19": {
    "instructions": [{"return resultFromNonFullInsertion": {
      "eline": 151,
      "epos": 36,
      "spos": 3,
      "sline": 151
    }}],
    "preds": [
      6,
      9
    ],
    "succs": []
  },
  "17": {
    "instructions": [
      {"temp$44 = new LeafNode": {
        "eline": 140,
        "epos": 143,
        "spos": 5,
        "sline": 140
      }},
      {"temp$45 = this.<LeafNode: int t>": {
        "eline": 140,
        "epos": 39,
        "spos": 39,
        "sline": 140
      }},
      {"temp$46 = this.<LeafNode: java.util.List keys>": {
        "eline": 140,
        "epos": 51,
        "spos": 48,
        "sline": 140
      }},
      {"temp$47 = mid": {
        "eline": 140,
        "epos": 51,
        "spos": 48,
        "sline": 140
      }},
      {"temp$48 = temp$47 + 1": {
        "eline": 140,
        "epos": 51,
        "spos": 48,
        "sline": 140
      }},
      {"temp$49 = this.<LeafNode: java.util.List keys>": {
        "eline": 140,
        "epos": 78,
        "spos": 75,
        "sline": 140
      }},
      {"temp$50 = interfaceinvoke temp$49.<java.util.List: int size()>()": {
        "eline": 140,
        "epos": 78,
        "spos": 75,
        "sline": 140
      }},
      {"temp$51 = interfaceinvoke temp$46.<java.util.List: java.util.List subList(int,int)>(temp$48, temp$50)": {
        "eline": 140,
        "epos": 78,
        "spos": 75,
        "sline": 140
      }},
      {"temp$52 = (java.util.List) temp$51": {
        "eline": 140,
        "epos": 78,
        "spos": 75,
        "sline": 140
      }},
      {"temp$53 = this.<LeafNode: java.util.List values>": {
        "eline": 140,
        "epos": 97,
        "spos": 94,
        "sline": 140
      }},
      {"temp$54 = mid": {
        "eline": 140,
        "epos": 97,
        "spos": 94,
        "sline": 140
      }},
      {"temp$55 = temp$54 + 1": {
        "eline": 140,
        "epos": 97,
        "spos": 94,
        "sline": 140
      }},
      {"temp$56 = this.<LeafNode: java.util.List values>": {
        "eline": 140,
        "epos": 126,
        "spos": 123,
        "sline": 140
      }},
      {"temp$57 = interfaceinvoke temp$56.<java.util.List: int size()>()": {
        "eline": 140,
        "epos": 126,
        "spos": 123,
        "sline": 140
      }},
      {"temp$58 = interfaceinvoke temp$53.<java.util.List: java.util.List subList(int,int)>(temp$55, temp$57)": {
        "eline": 140,
        "epos": 126,
        "spos": 123,
        "sline": 140
      }},
      {"specialinvoke temp$44.<LeafNode: void <init>(int,LeafNode,java.util.List,java.util.List)>(temp$45, this, temp$52, temp$58)": {
        "eline": 140,
        "epos": 142,
        "spos": 19,
        "sline": 140
      }},
      {"nextSibling = temp$44": {
        "eline": 140,
        "epos": 15,
        "spos": 5,
        "sline": 140
      }},
      {"temp$59 = new java.util.ArrayList": {
        "eline": 141,
        "epos": 8,
        "spos": 5,
        "sline": 141
      }},
      {"temp$60 = this.<LeafNode: java.util.List keys>": {
        "eline": 141,
        "epos": 43,
        "spos": 40,
        "sline": 141
      }},
      {"temp$61 = mid": {
        "eline": 141,
        "epos": 43,
        "spos": 40,
        "sline": 141
      }},
      {"temp$62 = temp$61 + 1": {
        "eline": 141,
        "epos": 43,
        "spos": 40,
        "sline": 141
      }},
      {"temp$63 = interfaceinvoke temp$60.<java.util.List: java.util.List subList(int,int)>(0, temp$62)": {
        "eline": 141,
        "epos": 43,
        "spos": 40,
        "sline": 141
      }},
      {"temp$64 = (java.util.List) temp$63": {
        "eline": 141,
        "epos": 43,
        "spos": 40,
        "sline": 141
      }},
      {"specialinvoke temp$59.<java.util.ArrayList: void <init>(java.util.Collection)>(temp$64)": {
        "eline": 141,
        "epos": 69,
        "spos": 17,
        "sline": 141
      }},
      {"this.<LeafNode: java.util.List keys> = temp$59": {
        "eline": 141,
        "epos": 13,
        "spos": 10,
        "sline": 141
      }},
      {"temp$65 = new java.util.ArrayList": {
        "eline": 142,
        "epos": 8,
        "spos": 5,
        "sline": 142
      }},
      {"temp$66 = this.<LeafNode: java.util.List values>": {
        "eline": 142,
        "epos": 43,
        "spos": 40,
        "sline": 142
      }},
      {"temp$67 = mid": {
        "eline": 142,
        "epos": 43,
        "spos": 40,
        "sline": 142
      }},
      {"temp$68 = temp$67 + 1": {
        "eline": 142,
        "epos": 43,
        "spos": 40,
        "sline": 142
      }},
      {"temp$69 = interfaceinvoke temp$66.<java.util.List: java.util.List subList(int,int)>(0, temp$68)": {
        "eline": 142,
        "epos": 43,
        "spos": 40,
        "sline": 142
      }},
      {"specialinvoke temp$65.<java.util.ArrayList: void <init>(java.util.Collection)>(temp$69)": {
        "eline": 142,
        "epos": 71,
        "spos": 19,
        "sline": 142
      }},
      {"this.<LeafNode: java.util.List values> = temp$65": {
        "eline": 142,
        "epos": 15,
        "spos": 10,
        "sline": 142
      }},
      {"temp$70 = virtualinvoke nextSibling.<LeafNode: InsertionResult insertNonFull(int,java.lang.Object)>(key, value)": {
        "eline": 144,
        "epos": 71,
        "spos": 5,
        "sline": 144
      }},
      {"resultFromNonFullInsertion = temp$70": {
        "eline": 144,
        "epos": 30,
        "spos": 5,
        "sline": 144
      }}
    ],
    "preds": [15],
    "succs": [18]
  },
  "18": {
    "instructions": [
      {"temp$71 = new InsertionResult": {
        "eline": 144,
        "epos": 30,
        "spos": 5,
        "sline": 144
      }},
      {"temp$72 = this.<LeafNode: java.util.List keys>": {
        "eline": 148,
        "epos": 41,
        "spos": 38,
        "sline": 148
      }},
      {"temp$73 = this.<LeafNode: java.util.List keys>": {
        "eline": 148,
        "epos": 55,
        "spos": 52,
        "sline": 148
      }},
      {"temp$74 = interfaceinvoke temp$73.<java.util.List: int size()>()": {
        "eline": 148,
        "epos": 55,
        "spos": 52,
        "sline": 148
      }},
      {"temp$75 = temp$74 - 1": {
        "eline": 148,
        "epos": 55,
        "spos": 52,
        "sline": 148
      }},
      {"temp$76 = interfaceinvoke temp$72.<java.util.List: java.lang.Object get(int)>(temp$75)": {
        "eline": 148,
        "epos": 55,
        "spos": 52,
        "sline": 148
      }},
      {"temp$77 = (java.lang.Integer) temp$76": {
        "eline": 148,
        "epos": 55,
        "spos": 52,
        "sline": 148
      }},
      {"specialinvoke temp$71.<InsertionResult: void <init>(java.lang.Integer,Node,Node,InsertionResult)>(temp$77, this, nextSibling, resultFromNonFullInsertion)": {
        "eline": 148,
        "epos": 120,
        "spos": 11,
        "sline": 148
      }},
      {"return temp$71": {
        "eline": 148,
        "epos": 121,
        "spos": 4,
        "sline": 148
      }}
    ],
    "preds": [
      16,
      17
    ],
    "succs": []
  },
  "15": {
    "instructions": [{"goto block_17": {
      "eline": 131,
      "epos": 31,
      "spos": 8,
      "sline": 131
    }}],
    "preds": [14],
    "succs": [17]
  },
  "16": {
    "instructions": [
      {"temp$25 = new LeafNode": {
        "eline": 133,
        "epos": 135,
        "spos": 5,
        "sline": 133
      }},
      {"temp$26 = this.<LeafNode: int t>": {
        "eline": 133,
        "epos": 39,
        "spos": 39,
        "sline": 133
      }},
      {"temp$27 = this.<LeafNode: java.util.List keys>": {
        "eline": 133,
        "epos": 51,
        "spos": 48,
        "sline": 133
      }},
      {"temp$28 = this.<LeafNode: java.util.List keys>": {
        "eline": 133,
        "epos": 74,
        "spos": 71,
        "sline": 133
      }},
      {"temp$29 = interfaceinvoke temp$28.<java.util.List: int size()>()": {
        "eline": 133,
        "epos": 74,
        "spos": 71,
        "sline": 133
      }},
      {"temp$30 = interfaceinvoke temp$27.<java.util.List: java.util.List subList(int,int)>(mid, temp$29)": {
        "eline": 133,
        "epos": 74,
        "spos": 71,
        "sline": 133
      }},
      {"temp$31 = (java.util.List) temp$30": {
        "eline": 133,
        "epos": 74,
        "spos": 71,
        "sline": 133
      }},
      {"temp$32 = this.<LeafNode: java.util.List values>": {
        "eline": 133,
        "epos": 93,
        "spos": 90,
        "sline": 133
      }},
      {"temp$33 = this.<LeafNode: java.util.List values>": {
        "eline": 133,
        "epos": 118,
        "spos": 115,
        "sline": 133
      }},
      {"temp$34 = interfaceinvoke temp$33.<java.util.List: int size()>()": {
        "eline": 133,
        "epos": 118,
        "spos": 115,
        "sline": 133
      }},
      {"temp$35 = interfaceinvoke temp$32.<java.util.List: java.util.List subList(int,int)>(mid, temp$34)": {
        "eline": 133,
        "epos": 118,
        "spos": 115,
        "sline": 133
      }},
      {"specialinvoke temp$25.<LeafNode: void <init>(int,LeafNode,java.util.List,java.util.List)>(temp$26, this, temp$31, temp$35)": {
        "eline": 133,
        "epos": 134,
        "spos": 19,
        "sline": 133
      }},
      {"nextSibling = temp$25": {
        "eline": 133,
        "epos": 15,
        "spos": 5,
        "sline": 133
      }},
      {"temp$36 = new java.util.ArrayList": {
        "eline": 134,
        "epos": 8,
        "spos": 5,
        "sline": 134
      }},
      {"temp$37 = this.<LeafNode: java.util.List keys>": {
        "eline": 134,
        "epos": 43,
        "spos": 40,
        "sline": 134
      }},
      {"temp$38 = interfaceinvoke temp$37.<java.util.List: java.util.List subList(int,int)>(0, mid)": {
        "eline": 134,
        "epos": 43,
        "spos": 40,
        "sline": 134
      }},
      {"temp$39 = (java.util.List) temp$38": {
        "eline": 134,
        "epos": 43,
        "spos": 40,
        "sline": 134
      }},
      {"specialinvoke temp$36.<java.util.ArrayList: void <init>(java.util.Collection)>(temp$39)": {
        "eline": 134,
        "epos": 65,
        "spos": 17,
        "sline": 134
      }},
      {"this.<LeafNode: java.util.List keys> = temp$36": {
        "eline": 134,
        "epos": 13,
        "spos": 10,
        "sline": 134
      }},
      {"temp$40 = new java.util.ArrayList": {
        "eline": 135,
        "epos": 8,
        "spos": 5,
        "sline": 135
      }},
      {"temp$41 = this.<LeafNode: java.util.List values>": {
        "eline": 135,
        "epos": 43,
        "spos": 40,
        "sline": 135
      }},
      {"temp$42 = interfaceinvoke temp$41.<java.util.List: java.util.List subList(int,int)>(0, mid)": {
        "eline": 135,
        "epos": 43,
        "spos": 40,
        "sline": 135
      }},
      {"specialinvoke temp$40.<java.util.ArrayList: void <init>(java.util.Collection)>(temp$42)": {
        "eline": 135,
        "epos": 67,
        "spos": 19,
        "sline": 135
      }},
      {"this.<LeafNode: java.util.List values> = temp$40": {
        "eline": 135,
        "epos": 15,
        "spos": 10,
        "sline": 135
      }},
      {"temp$43 = virtualinvoke this.<LeafNode: InsertionResult insertNonFull(int,java.lang.Object)>(key, value)": {
        "eline": 137,
        "epos": 58,
        "spos": 34,
        "sline": 137
      }},
      {"resultFromNonFullInsertion = temp$43": {
        "eline": 137,
        "epos": 30,
        "spos": 5,
        "sline": 137
      }},
      {"goto block_18": {
        "eline": 145,
        "epos": 4,
        "spos": 4,
        "sline": 131
      }}
    ],
    "preds": [14],
    "succs": [18]
  },
  "13": {
    "instructions": [
      {"temp$20 = this.<LeafNode: java.util.List keys>": {
        "eline": 127,
        "epos": 15,
        "spos": 12,
        "sline": 127
      }},
      {"temp$21 = interfaceinvoke temp$20.<java.util.List: int size()>()": {
        "eline": 127,
        "epos": 15,
        "spos": 12,
        "sline": 127
      }},
      {"temp$22 = temp$21": {
        "eline": 127,
        "epos": 15,
        "spos": 12,
        "sline": 127
      }},
      {"temp$23 = temp$22 + 1": {
        "eline": 127,
        "epos": 15,
        "spos": 12,
        "sline": 127
      }},
      {"temp$24 = temp$23 / 2": {
        "eline": 127,
        "epos": 15,
        "spos": 12,
        "sline": 127
      }},
      {"mid = temp$24": {
        "eline": 127,
        "epos": 7,
        "spos": 5,
        "sline": 127
      }}
    ],
    "preds": [11],
    "succs": [14]
  },
  "14": {
    "instructions": [{"if indexForInsertion <= mid goto block_16 #3": {
      "eline": 131,
      "epos": 31,
      "ifpos": "(130, 3)-(130, 31)",
      "spos": 8,
      "sline": 131
    }}],
    "preds": [
      12,
      13
    ],
    "succs": [
      15,
      16
    ]
  },
  "11": {
    "instructions": [{"goto block_13": {
      "eline": 124,
      "epos": 8,
      "spos": 8,
      "sline": 124
    }}],
    "preds": [10],
    "succs": [13]
  },
  "12": {
    "instructions": [
      {"temp$17 = this.<LeafNode: java.util.List keys>": {
        "eline": 125,
        "epos": 14,
        "spos": 11,
        "sline": 125
      }},
      {"temp$18 = interfaceinvoke temp$17.<java.util.List: int size()>()": {
        "eline": 125,
        "epos": 14,
        "spos": 11,
        "sline": 125
      }},
      {"temp$19 = temp$18 / 2": {
        "eline": 125,
        "epos": 14,
        "spos": 11,
        "sline": 125
      }},
      {"mid = temp$19": {
        "eline": 125,
        "epos": 7,
        "spos": 5,
        "sline": 125
      }},
      {"goto block_14": {
        "eline": 128,
        "epos": 4,
        "spos": 4,
        "sline": 124
      }}
    ],
    "preds": [10],
    "succs": [14]
  },
  "3": {
    "instructions": [{"goto block_7": {
      "eline": 114,
      "epos": 57,
      "spos": 54,
      "sline": 114
    }}],
    "preds": [2],
    "succs": [7]
  },
  "2": {
    "instructions": [
      {"temp$1 = this.<LeafNode: java.util.List keys>": {
        "eline": 114,
        "epos": 57,
        "spos": 54,
        "sline": 114
      }},
      {"temp$2 = interfaceinvoke temp$1.<java.util.List: int size()>()": {
        "eline": 114,
        "epos": 57,
        "spos": 54,
        "sline": 114
      }},
      {"if indexForInsertion < temp$2 goto block_4 #0": {
        "eline": 114,
        "epos": 57,
        "ifpos": "(113, 2)-(113, 107)",
        "spos": 54,
        "sline": 114
      }}
    ],
    "preds": [0],
    "succs": [
      3,
      4
    ]
  },
  "1": {
    "instructions": [{"goto block_7": {
      "eline": 114,
      "epos": 29,
      "spos": 7,
      "sline": 114
    }}],
    "preds": [0],
    "succs": [7]
  },
  "10": {
    "instructions": [
      {"temp$15 = this.<LeafNode: int t>": {
        "eline": 124,
        "epos": 8,
        "spos": 8,
        "sline": 124
      }},
      {"temp$16 = temp$15 % 2": {
        "eline": 124,
        "epos": 8,
        "spos": 8,
        "sline": 124
      }},
      {"if temp$16 == 0 goto block_12 #2": {
        "eline": 124,
        "epos": 8,
        "ifpos": "(123, 3)-(123, 17)",
        "spos": 8,
        "sline": 124
      }}
    ],
    "preds": [8],
    "succs": [
      11,
      12
    ]
  },
  "0": {
    "instructions": [
      {"temp$0 = virtualinvoke this.<LeafNode: int findLessThanOrEqualToKey(int)>(key)": {
        "eline": 111,
        "epos": 55,
        "spos": 27,
        "sline": 111
      }},
      {"indexForInsertion = temp$0": {
        "eline": 111,
        "epos": 55,
        "spos": 27,
        "sline": 111
      }},
      {"resultFromNonFullInsertion = null": {
        "eline": 112,
        "epos": 59,
        "spos": 3,
        "sline": 112
      }},
      {"if indexForInsertion != -1 goto block_2 #0": {
        "eline": 114,
        "epos": 29,
        "ifpos": "(113, 2)-(113, 107)",
        "spos": 7,
        "sline": 114
      }}
    ],
    "preds": [],
    "succs": [
      1,
      2
    ]
  },
  "7": {
    "instructions": [
      {"temp$10 = this.<LeafNode: java.util.List keys>": {
        "eline": 117,
        "epos": 17,
        "spos": 14,
        "sline": 117
      }},
      {"temp$11 = interfaceinvoke temp$10.<java.util.List: int size()>()": {
        "eline": 117,
        "epos": 17,
        "spos": 14,
        "sline": 117
      }},
      {"temp$12 = this.<LeafNode: int t>": {
        "eline": 117,
        "epos": 28,
        "spos": 28,
        "sline": 117
      }},
      {"temp$13 = temp$12 - 1": {
        "eline": 117,
        "epos": 28,
        "spos": 28,
        "sline": 117
      }},
      {"if temp$11 < temp$13 goto block_9 #1": {
        "eline": 117,
        "epos": 28,
        "ifpos": "(116, 9)-(116, 32)",
        "spos": 28,
        "sline": 117
      }}
    ],
    "preds": [
      1,
      3,
      4
    ],
    "succs": [
      8,
      9
    ]
  },
  "6": {
    "instructions": [
      {"temp$8 = this.<LeafNode: java.util.List values>": {
        "eline": 116,
        "epos": 9,
        "spos": 4,
        "sline": 116
      }},
      {"interfaceinvoke temp$8.<java.util.List: java.lang.Object set(int,java.lang.Object)>(indexForInsertion, value)": {
        "eline": 116,
        "epos": 9,
        "spos": 4,
        "sline": 116
      }},
      {"goto block_19": {
        "eline": 149,
        "epos": 3,
        "spos": 3,
        "sline": 114
      }}
    ],
    "preds": [5],
    "succs": [19]
  },
  "5": {
    "instructions": [{"goto block_6": {
      "eline": 114,
      "epos": 72,
      "spos": 69,
      "sline": 114
    }}],
    "preds": [4],
    "succs": [6]
  },
  "4": {
    "instructions": [
      {"temp$3 = this.<LeafNode: java.util.List keys>": {
        "eline": 114,
        "epos": 72,
        "spos": 69,
        "sline": 114
      }},
      {"temp$4 = interfaceinvoke temp$3.<java.util.List: java.lang.Object get(int)>(indexForInsertion)": {
        "eline": 114,
        "epos": 72,
        "spos": 69,
        "sline": 114
      }},
      {"temp$5 = (java.lang.Integer) temp$4": {
        "eline": 114,
        "epos": 72,
        "spos": 69,
        "sline": 114
      }},
      {"temp$6 = staticinvoke <java.lang.Integer: java.lang.Integer valueOf(int)>(key)": {
        "eline": 114,
        "epos": 72,
        "spos": 69,
        "sline": 114
      }},
      {"temp$7 = virtualinvoke temp$5.<java.lang.Integer: boolean equals(java.lang.Object)>(temp$6)": {
        "eline": 114,
        "epos": 72,
        "spos": 69,
        "sline": 114
      }},
      {"if temp$7 == 0 goto block_7 #0": {
        "eline": 114,
        "epos": 72,
        "ifpos": "(113, 2)-(113, 107)",
        "spos": 69,
        "sline": 114
      }}
    ],
    "preds": [2],
    "succs": [
      5,
      7
    ]
  },
  "9": {
    "instructions": [
      {"temp$14 = virtualinvoke this.<LeafNode: InsertionResult insertNonFull(int,java.lang.Object,int)>(key, value, indexForInsertion)": {
        "eline": 119,
        "epos": 76,
        "spos": 33,
        "sline": 119
      }},
      {"resultFromNonFullInsertion = temp$14": {
        "eline": 119,
        "epos": 29,
        "spos": 4,
        "sline": 119
      }},
      {"goto block_19": {
        "eline": 149,
        "epos": 3,
        "spos": 10,
        "sline": 117
      }}
    ],
    "preds": [7],
    "succs": [19]
  },
  "8": {
    "instructions": [{"goto block_10": {
      "eline": 117,
      "epos": 28,
      "spos": 28,
      "sline": 117
    }}],
    "preds": [7],
    "succs": [10]
  }
}