{
  "3": {
    "instructions": [{"goto block_7": {
      "eline": 91,
      "epos": 38,
      "spos": 35,
      "sline": 91
    }}],
    "preds": [2],
    "succs": [7]
  },
  "2": {
    "instructions": [
      {"temp$2 = this.<LeafNode: java.util.List keys>": {
        "eline": 91,
        "epos": 38,
        "spos": 35,
        "sline": 91
      }},
      {"temp$3 = interfaceinvoke temp$2.<java.util.List: int size()>()": {
        "eline": 91,
        "epos": 38,
        "spos": 35,
        "sline": 91
      }},
      {"temp$4 = temp$3 - 1": {
        "eline": 91,
        "epos": 38,
        "spos": 35,
        "sline": 91
      }},
      {"if index == temp$4 goto block_4 #0": {
        "eline": 91,
        "epos": 38,
        "ifpos": "(90, 2)-(90, 88)",
        "spos": 35,
        "sline": 91
      }}
    ],
    "preds": [0],
    "succs": [
      3,
      4
    ]
  },
  "1": {
    "instructions": [{"goto block_6": {
      "eline": 91,
      "epos": 10,
      "spos": 7,
      "sline": 91
    }}],
    "preds": [0],
    "succs": [6]
  },
  "0": {
    "instructions": [
      {"temp$0 = this.<LeafNode: java.util.List keys>": {
        "eline": 91,
        "epos": 10,
        "spos": 7,
        "sline": 91
      }},
      {"temp$1 = interfaceinvoke temp$0.<java.util.List: boolean isEmpty()>()": {
        "eline": 91,
        "epos": 10,
        "spos": 7,
        "sline": 91
      }},
      {"if temp$1 == 0 goto block_2 #0": {
        "eline": 91,
        "epos": 10,
        "ifpos": "(90, 2)-(90, 88)",
        "spos": 7,
        "sline": 91
      }}
    ],
    "preds": [],
    "succs": [
      1,
      2
    ]
  },
  "7": {
    "instructions": [
      {"temp$15 = this.<LeafNode: java.util.List keys>": {
        "eline": 97,
        "epos": 7,
        "spos": 4,
        "sline": 97
      }},
      {"temp$16 = staticinvoke <java.lang.Integer: java.lang.Integer valueOf(int)>(key)": {
        "eline": 97,
        "epos": 7,
        "spos": 4,
        "sline": 97
      }},
      {"interfaceinvoke temp$15.<java.util.List: void add(int,java.lang.Object)>(index, temp$16)": {
        "eline": 97,
        "epos": 7,
        "spos": 4,
        "sline": 97
      }},
      {"temp$17 = this.<LeafNode: java.util.List values>": {
        "eline": 98,
        "epos": 9,
        "spos": 4,
        "sline": 98
      }},
      {"interfaceinvoke temp$17.<java.util.List: void add(int,java.lang.Object)>(index, value)": {
        "eline": 98,
        "epos": 9,
        "spos": 4,
        "sline": 98
      }}
    ],
    "preds": [
      3,
      5
    ],
    "succs": [8]
  },
  "6": {
    "instructions": [
      {"temp$10 = this.<LeafNode: java.util.List keys>": {
        "eline": 93,
        "epos": 7,
        "spos": 4,
        "sline": 93
      }},
      {"temp$11 = staticinvoke <java.lang.Integer: java.lang.Integer valueOf(int)>(key)": {
        "eline": 93,
        "epos": 7,
        "spos": 4,
        "sline": 93
      }},
      {"interfaceinvoke temp$10.<java.util.List: boolean add(java.lang.Object)>(temp$11)": {
        "eline": 93,
        "epos": 7,
        "spos": 4,
        "sline": 93
      }},
      {"temp$13 = this.<LeafNode: java.util.List values>": {
        "eline": 94,
        "epos": 9,
        "spos": 4,
        "sline": 94
      }},
      {"interfaceinvoke temp$13.<java.util.List: boolean add(java.lang.Object)>(value)": {
        "eline": 94,
        "epos": 9,
        "spos": 4,
        "sline": 94
      }},
      {"goto block_8": {
        "eline": 99,
        "epos": 3,
        "spos": 3,
        "sline": 91
      }}
    ],
    "preds": [
      1,
      4
    ],
    "succs": [8]
  },
  "5": {
    "instructions": [{"goto block_7": {
      "eline": 91,
      "epos": 57,
      "spos": 54,
      "sline": 91
    }}],
    "preds": [4],
    "succs": [7]
  },
  "4": {
    "instructions": [
      {"temp$5 = this.<LeafNode: java.util.List keys>": {
        "eline": 91,
        "epos": 57,
        "spos": 54,
        "sline": 91
      }},
      {"temp$6 = interfaceinvoke temp$5.<java.util.List: java.lang.Object get(int)>(index)": {
        "eline": 91,
        "epos": 57,
        "spos": 54,
        "sline": 91
      }},
      {"temp$7 = (java.lang.Integer) temp$6": {
        "eline": 91,
        "epos": 57,
        "spos": 54,
        "sline": 91
      }},
      {"temp$8 = staticinvoke <java.lang.Integer: java.lang.Integer valueOf(int)>(key)": {
        "eline": 91,
        "epos": 57,
        "spos": 54,
        "sline": 91
      }},
      {"temp$9 = virtualinvoke temp$7.<java.lang.Integer: int compareTo(java.lang.Integer)>(temp$8)": {
        "eline": 91,
        "epos": 57,
        "spos": 54,
        "sline": 91
      }},
      {"if temp$9 < 0 goto block_6 #0": {
        "eline": 91,
        "epos": 57,
        "ifpos": "(90, 2)-(90, 88)",
        "spos": 54,
        "sline": 91
      }}
    ],
    "preds": [2],
    "succs": [
      5,
      6
    ]
  },
  "8": {
    "instructions": [
      {"temp$18 = new InsertionResult": {
        "eline": 98,
        "epos": 9,
        "spos": 4,
        "sline": 98
      }},
      {"temp$19 = virtualinvoke this.<LeafNode: int calculateGap(int)>(index)": {
        "eline": 102,
        "epos": 55,
        "spos": 37,
        "sline": 102
      }},
      {"specialinvoke temp$18.<InsertionResult: void <init>(int)>(temp$19)": {
        "eline": 102,
        "epos": 56,
        "spos": 10,
        "sline": 102
      }},
      {"return temp$18": {
        "eline": 102,
        "epos": 57,
        "spos": 3,
        "sline": 102
      }}
    ],
    "preds": [
      6,
      7
    ],
    "succs": []
  }
}