{
  "temp$15": {"7": [7]},
  "temp$16": {"7": [7]},
  "temp$17": {"7": [7]},
  "index": {
    "2": [0],
    "7": [0],
    "4": [0],
    "8": [0]
  },
  "temp$18": {"8": [8]},
  "temp$11": {"6": [6]},
  "temp$13": {"6": [6]},
  "temp$19": {"8": [8]},
  "temp$1": {"0": [0]},
  "temp$0": {"0": [0]},
  "temp$3": {"2": [2]},
  "temp$2": {"2": [2]},
  "temp$5": {"4": [4]},
  "temp$4": {"2": [2]},
  "temp$7": {"4": [4]},
  "temp$6": {"4": [4]},
  "value": {
    "7": [0],
    "6": [0]
  },
  "temp$9": {"4": [4]},
  "temp$8": {"4": [4]},
  "temp$10": {"6": [6]},
  "this": {
    "2": [0],
    "0": [0],
    "7": [0],
    "6": [0],
    "4": [0],
    "8": [0]
  },
  "key": {
    "7": [0],
    "6": [0],
    "4": [0]
  }
}