{
  "3": {
    "instructions": [
      {"temp$4 = new java.lang.StringBuffer": {
        "eline": 212,
        "epos": 37,
        "spos": 4,
        "sline": 212
      }},
      {"specialinvoke temp$4.<java.lang.StringBuffer: void <init>()>()": {
        "eline": 212,
        "epos": 35,
        "spos": 14,
        "sline": 212
      }},
      {"temp$5 = this.<LeafNode: java.util.List keys>": {
        "eline": 212,
        "epos": 17,
        "spos": 14,
        "sline": 212
      }},
      {"temp$6 = interfaceinvoke temp$5.<java.util.List: java.lang.Object get(int)>(i)": {
        "eline": 212,
        "epos": 17,
        "spos": 14,
        "sline": 212
      }},
      {"temp$7 = (java.lang.Integer) temp$6": {
        "eline": 212,
        "epos": 17,
        "spos": 14,
        "sline": 212
      }},
      {"virtualinvoke temp$4.<java.lang.StringBuffer: java.lang.StringBuffer append(java.lang.Object)>(temp$7)": {
        "eline": 212,
        "epos": 17,
        "spos": 14,
        "sline": 212
      }},
      {"virtualinvoke temp$4.<java.lang.StringBuffer: java.lang.StringBuffer append(java.lang.Object)>(\",\")": {
        "eline": 212,
        "epos": 35,
        "spos": 14,
        "sline": 212
      }},
      {"temp$8 = virtualinvoke temp$4.<java.lang.StringBuffer: java.lang.String toString()>()": {
        "eline": 212,
        "epos": 35,
        "spos": 14,
        "sline": 212
      }},
      {"virtualinvoke sb.<java.lang.StringBuilder: java.lang.StringBuilder append(java.lang.String)>(temp$8)": {
        "eline": 212,
        "epos": 35,
        "spos": 14,
        "sline": 212
      }},
      {"temp$10 = i": {
        "eline": 211,
        "epos": 48,
        "spos": 46,
        "sline": 211
      }},
      {"temp$11 = temp$10 + -1": {
        "eline": 211,
        "epos": 46,
        "spos": 46,
        "sline": 211
      }},
      {"i = temp$11": {
        "eline": 211,
        "epos": 46,
        "spos": 46,
        "sline": 211
      }},
      {"goto block_1": {
        "eline": 213,
        "epos": 3,
        "spos": 3,
        "sline": 211
      }}
    ],
    "preds": [1],
    "succs": [1]
  },
  "2": {
    "instructions": [{"goto block_4": {
      "eline": 211,
      "epos": 43,
      "spos": 38,
      "sline": 211
    }}],
    "preds": [1],
    "succs": [4]
  },
  "1": {
    "instructions": [{"if i >= 0 goto block_3 #0": {
      "eline": 211,
      "epos": 43,
      "ifpos": "(210, 35)-(210, 43)",
      "spos": 38,
      "sline": 211
    }}],
    "preds": [
      0,
      3
    ],
    "succs": [
      2,
      3
    ]
  },
  "0": {
    "instructions": [
      {"temp$0 = new java.lang.StringBuilder": {
        "eline": 209,
        "epos": 41,
        "spos": 3,
        "sline": 209
      }},
      {"specialinvoke temp$0.<java.lang.StringBuilder: void <init>()>()": {
        "eline": 209,
        "epos": 40,
        "spos": 22,
        "sline": 209
      }},
      {"sb = temp$0": {
        "eline": 209,
        "epos": 40,
        "spos": 22,
        "sline": 209
      }},
      {"temp$1 = this.<LeafNode: java.util.List keys>": {
        "eline": 211,
        "epos": 19,
        "spos": 16,
        "sline": 211
      }},
      {"temp$2 = interfaceinvoke temp$1.<java.util.List: int size()>()": {
        "eline": 211,
        "epos": 19,
        "spos": 16,
        "sline": 211
      }},
      {"temp$3 = temp$2 - 1": {
        "eline": 211,
        "epos": 19,
        "spos": 16,
        "sline": 211
      }},
      {"i = temp$3": {
        "eline": 211,
        "epos": 19,
        "spos": 16,
        "sline": 211
      }}
    ],
    "preds": [],
    "succs": [1]
  },
  "4": {
    "instructions": [
      {"temp$12 = virtualinvoke sb.<java.lang.StringBuilder: java.lang.String toString()>()": {
        "eline": 213,
        "epos": 3,
        "spos": 3,
        "sline": 211
      }},
      {"temp$13 = virtualinvoke sb.<java.lang.StringBuilder: java.lang.String toString()>()": {
        "eline": 213,
        "epos": 3,
        "spos": 3,
        "sline": 211
      }},
      {"temp$14 = virtualinvoke temp$13.<java.lang.String: int length()>()": {
        "eline": 213,
        "epos": 3,
        "spos": 3,
        "sline": 211
      }},
      {"temp$15 = virtualinvoke temp$12.<java.lang.String: java.lang.String substring(int,int)>(0, temp$14)": {
        "eline": 213,
        "epos": 3,
        "spos": 3,
        "sline": 211
      }},
      {"return temp$15": {
        "eline": 215,
        "epos": 60,
        "spos": 3,
        "sline": 215
      }}
    ],
    "preds": [2],
    "succs": []
  }
}