{
  "temp$53": {"17": [17]},
  "temp$15": {"10": [10]},
  "temp$54": {"17": [17]},
  "temp$16": {"10": [10]},
  "temp$51": {"17": [17]},
  "temp$17": {"12": [12]},
  "temp$52": {"17": [17]},
  "temp$18": {"12": [12]},
  "temp$11": {"7": [7]},
  "temp$50": {"17": [17]},
  "temp$12": {"7": [7]},
  "temp$13": {"7": [7]},
  "temp$14": {"9": [9]},
  "temp$19": {"12": [12]},
  "value": {
    "6": [0],
    "17": [0],
    "9": [0],
    "16": [0]
  },
  "temp$10": {"7": [7]},
  "temp$59": {"17": [17]},
  "temp$58": {"17": [17]},
  "temp$57": {"17": [17]},
  "nextSibling": {
    "17": [17],
    "18": [
      16,
      17
    ]
  },
  "temp$56": {"17": [17]},
  "key": {
    "0": [0],
    "4": [0],
    "17": [0],
    "9": [0],
    "16": [0]
  },
  "temp$55": {"17": [17]},
  "temp$40": {"16": [16]},
  "temp$41": {"16": [16]},
  "temp$42": {"16": [16]},
  "temp$43": {"16": [16]},
  "temp$49": {"17": [17]},
  "temp$48": {"17": [17]},
  "temp$45": {"17": [17]},
  "temp$44": {"17": [17]},
  "this": {
    "2": [0],
    "10": [0],
    "0": [0],
    "7": [0],
    "6": [0],
    "4": [0],
    "17": [0],
    "18": [0],
    "9": [0],
    "16": [0],
    "13": [0],
    "12": [0]
  },
  "temp$47": {"17": [17]},
  "temp$46": {"17": [17]},
  "temp$31": {"16": [16]},
  "temp$32": {"16": [16]},
  "temp$30": {"16": [16]},
  "temp$72": {"18": [18]},
  "temp$71": {"18": [18]},
  "temp$70": {"17": [17]},
  "temp$76": {"18": [18]},
  "temp$75": {"18": [18]},
  "temp$74": {"18": [18]},
  "temp$73": {"18": [18]},
  "temp$77": {"18": [18]},
  "temp$36": {"16": [16]},
  "indexForInsertion": {
    "2": [0],
    "0": [0],
    "6": [0],
    "4": [0],
    "9": [0],
    "14": [0]
  },
  "temp$35": {"16": [16]},
  "temp$34": {"16": [16]},
  "temp$33": {"16": [16]},
  "temp$39": {"16": [16]},
  "temp$38": {"16": [16]},
  "temp$37": {"16": [16]},
  "temp$20": {"13": [13]},
  "temp$21": {"13": [13]},
  "resultFromNonFullInsertion": {
    "19": [
      0,
      9
    ],
    "18": [
      16,
      17
    ]
  },
  "temp$61": {"17": [17]},
  "temp$60": {"17": [17]},
  "temp$63": {"17": [17]},
  "temp$62": {"17": [17]},
  "temp$65": {"17": [17]},
  "temp$64": {"17": [17]},
  "temp$66": {"17": [17]},
  "temp$1": {"2": [2]},
  "temp$67": {"17": [17]},
  "temp$0": {"0": [0]},
  "temp$68": {"17": [17]},
  "temp$3": {"4": [4]},
  "temp$69": {"17": [17]},
  "temp$2": {"2": [2]},
  "temp$5": {"4": [4]},
  "temp$4": {"4": [4]},
  "temp$7": {"4": [4]},
  "temp$6": {"4": [4]},
  "temp$23": {"13": [13]},
  "temp$8": {"6": [6]},
  "temp$22": {"13": [13]},
  "temp$25": {"16": [16]},
  "temp$24": {"13": [13]},
  "mid": {
    "17": [
      12,
      13
    ],
    "16": [
      12,
      13
    ],
    "14": [
      12,
      13
    ]
  },
  "temp$27": {"16": [16]},
  "temp$26": {"16": [16]},
  "temp$29": {"16": [16]},
  "temp$28": {"16": [16]}
}