{"0": {
  "instructions": [
    {"specialinvoke this.<LeafNode: void <init>(int,LeafNode)>(totalKeys, prev)": {
      "eline": 47,
      "epos": 23,
      "spos": 3,
      "sline": 47
    }},
    {"temp$0 = this.<LeafNode: java.util.List keys>": {
      "eline": 48,
      "epos": 6,
      "spos": 3,
      "sline": 48
    }},
    {"interfaceinvoke temp$0.<java.util.List: boolean addAll(java.util.Collection)>(keys)": {
      "eline": 48,
      "epos": 6,
      "spos": 3,
      "sline": 48
    }},
    {"temp$2 = this.<LeafNode: java.util.List values>": {
      "eline": 49,
      "epos": 6,
      "spos": 3,
      "sline": 49
    }},
    {"interfaceinvoke temp$2.<java.util.List: boolean addAll(java.util.Collection)>(values)": {
      "eline": 49,
      "epos": 6,
      "spos": 3,
      "sline": 49
    }},
    {"return": {
      "eline": 49,
      "epos": 6,
      "spos": 3,
      "sline": 49
    }}
  ],
  "preds": [],
  "succs": []
}}