{
  "temp$15": {"10": [10]},
  "temp$16": {"10": [10]},
  "temp$17": {"10": [10]},
  "temp$18": {"10": [10]},
  "temp$11": {"7": [7]},
  "temp$12": {"7": [7]},
  "temp$13": {"7": [7]},
  "temp$14": {"10": [10]},
  "temp$19": {"10": [10]},
  "leftGap": {"20": [
    0,
    19
  ]},
  "temp$10": {"7": [7]},
  "temp$40": {"19": [19]},
  "temp$41": {"19": [19]},
  "temp$42": {"20": [20]},
  "index": {
    "2": [0],
    "10": [0],
    "0": [0],
    "19": [0],
    "4": [0],
    "13": [0],
    "11": [0]
  },
  "rightGap": {"20": [
    0,
    10
  ]},
  "this": {
    "2": [0],
    "10": [0],
    "7": [0],
    "19": [0],
    "5": [0],
    "4": [0],
    "16": [0],
    "13": [0],
    "14": [0]
  },
  "nextKey": {
    "10": [
      2,
      4,
      7
    ],
    "8": [
      2,
      4,
      7
    ]
  },
  "temp$31": {"16": [16]},
  "temp$32": {"16": [16]},
  "temp$30": {"16": [16]},
  "temp$36": {"19": [19]},
  "temp$35": {"19": [19]},
  "temp$34": {"16": [16]},
  "temp$33": {"16": [16]},
  "temp$39": {"19": [19]},
  "temp$38": {"19": [19]},
  "temp$37": {"19": [19]},
  "temp$20": {"10": [10]},
  "temp$21": {"11": [11]},
  "temp$1": {"2": [2]},
  "temp$0": {"2": [2]},
  "temp$3": {"2": [2]},
  "temp$2": {"2": [2]},
  "temp$5": {"4": [4]},
  "temp$4": {"4": [4]},
  "temp$7": {"4": [4]},
  "prevKey": {
    "19": [
      11,
      13,
      16
    ],
    "17": [
      11,
      13,
      16
    ]
  },
  "temp$6": {"4": [4]},
  "temp$9": {"5": [5]},
  "temp$23": {"13": [13]},
  "temp$8": {"4": [4]},
  "temp$22": {"13": [13]},
  "temp$25": {"13": [13]},
  "temp$24": {"13": [13]},
  "temp$27": {"16": [16]},
  "temp$26": {"14": [14]},
  "temp$29": {"16": [16]},
  "temp$28": {"16": [16]}
}