{
  "19": {
    "instructions": [
      {"temp$35 = this.<LeafNode: java.util.List keys>": {
        "eline": 182,
        "epos": 37,
        "spos": 34,
        "sline": 182
      }},
      {"temp$36 = interfaceinvoke temp$35.<java.util.List: java.lang.Object get(int)>(index)": {
        "eline": 182,
        "epos": 37,
        "spos": 34,
        "sline": 182
      }},
      {"temp$37 = (java.lang.Integer) temp$36": {
        "eline": 182,
        "epos": 37,
        "spos": 34,
        "sline": 182
      }},
      {"temp$38 = virtualinvoke temp$37.<java.lang.Integer: int intValue()>()": {
        "eline": 182,
        "epos": 37,
        "spos": 34,
        "sline": 182
      }},
      {"temp$39 = virtualinvoke prevKey.<java.lang.Integer: int intValue()>()": {
        "eline": 182,
        "epos": 37,
        "spos": 34,
        "sline": 182
      }},
      {"temp$40 = temp$38 - temp$39": {
        "eline": 182,
        "epos": 37,
        "spos": 34,
        "sline": 182
      }},
      {"temp$41 = staticinvoke <java.lang.Math: int abs(int)>(temp$40)": {
        "eline": 182,
        "epos": 37,
        "spos": 34,
        "sline": 182
      }},
      {"leftGap = temp$41": {
        "eline": 182,
        "epos": 11,
        "spos": 5,
        "sline": 182
      }}
    ],
    "preds": [17],
    "succs": [20]
  },
  "17": {
    "instructions": [{"if prevKey != null goto block_19 #6": {
      "eline": 181,
      "epos": 22,
      "ifpos": "(180, 3)-(180, 22)",
      "spos": 8,
      "sline": 181
    }}],
    "preds": [
      13,
      15,
      16
    ],
    "succs": [
      18,
      19
    ]
  },
  "18": {
    "instructions": [{"goto block_20": {
      "eline": 181,
      "epos": 22,
      "spos": 8,
      "sline": 181
    }}],
    "preds": [17],
    "succs": [20]
  },
  "15": {
    "instructions": [{"goto block_17": {
      "eline": 178,
      "epos": 16,
      "spos": 13,
      "sline": 178
    }}],
    "preds": [14],
    "succs": [17]
  },
  "16": {
    "instructions": [
      {"temp$27 = this.<LeafNode: LeafNode prev>": {
        "eline": 179,
        "epos": 18,
        "spos": 15,
        "sline": 179
      }},
      {"temp$28 = temp$27.<LeafNode: java.util.List keys>": {
        "eline": 179,
        "epos": 18,
        "spos": 15,
        "sline": 179
      }},
      {"temp$29 = this.<LeafNode: LeafNode prev>": {
        "eline": 179,
        "epos": 32,
        "spos": 29,
        "sline": 179
      }},
      {"temp$30 = temp$29.<LeafNode: java.util.List keys>": {
        "eline": 179,
        "epos": 32,
        "spos": 29,
        "sline": 179
      }},
      {"temp$31 = interfaceinvoke temp$30.<java.util.List: int size()>()": {
        "eline": 179,
        "epos": 32,
        "spos": 29,
        "sline": 179
      }},
      {"temp$32 = temp$31 - 1": {
        "eline": 179,
        "epos": 32,
        "spos": 29,
        "sline": 179
      }},
      {"temp$33 = interfaceinvoke temp$28.<java.util.List: java.lang.Object get(int)>(temp$32)": {
        "eline": 179,
        "epos": 32,
        "spos": 29,
        "sline": 179
      }},
      {"temp$34 = (java.lang.Integer) temp$33": {
        "eline": 179,
        "epos": 32,
        "spos": 29,
        "sline": 179
      }},
      {"prevKey = temp$34": {
        "eline": 179,
        "epos": 11,
        "spos": 5,
        "sline": 179
      }}
    ],
    "preds": [14],
    "succs": [17]
  },
  "13": {
    "instructions": [
      {"temp$22 = this.<LeafNode: java.util.List keys>": {
        "eline": 177,
        "epos": 18,
        "spos": 15,
        "sline": 177
      }},
      {"temp$23 = index - 1": {
        "eline": 177,
        "epos": 18,
        "spos": 15,
        "sline": 177
      }},
      {"temp$24 = interfaceinvoke temp$22.<java.util.List: java.lang.Object get(int)>(temp$23)": {
        "eline": 177,
        "epos": 18,
        "spos": 15,
        "sline": 177
      }},
      {"temp$25 = (java.lang.Integer) temp$24": {
        "eline": 177,
        "epos": 18,
        "spos": 15,
        "sline": 177
      }},
      {"prevKey = temp$25": {
        "eline": 177,
        "epos": 11,
        "spos": 5,
        "sline": 177
      }},
      {"goto block_17": {
        "eline": 179,
        "epos": 50,
        "spos": 4,
        "sline": 176
      }}
    ],
    "preds": [11],
    "succs": [17]
  },
  "14": {
    "instructions": [
      {"temp$26 = this.<LeafNode: LeafNode prev>": {
        "eline": 178,
        "epos": 16,
        "spos": 13,
        "sline": 178
      }},
      {"if temp$26 != null goto block_16 #5": {
        "eline": 178,
        "epos": 16,
        "ifpos": "(177, 8)-(177, 24)",
        "spos": 13,
        "sline": 178
      }}
    ],
    "preds": [12],
    "succs": [
      15,
      16
    ]
  },
  "11": {
    "instructions": [
      {"prevKey = null": {
        "eline": 175,
        "epos": 26,
        "spos": 4,
        "sline": 175
      }},
      {"temp$21 = index - 1": {
        "eline": 176,
        "epos": 21,
        "spos": 8,
        "sline": 176
      }},
      {"if temp$21 >= 0 goto block_13 #4": {
        "eline": 176,
        "epos": 21,
        "ifpos": "(175, 3)-(175, 21)",
        "spos": 8,
        "sline": 176
      }}
    ],
    "preds": [
      9,
      10
    ],
    "succs": [
      12,
      13
    ]
  },
  "12": {
    "instructions": [{"goto block_14": {
      "eline": 176,
      "epos": 21,
      "spos": 8,
      "sline": 176
    }}],
    "preds": [11],
    "succs": [14]
  },
  "3": {
    "instructions": [{"goto block_5": {
      "eline": 166,
      "epos": 23,
      "spos": 20,
      "sline": 166
    }}],
    "preds": [2],
    "succs": [5]
  },
  "20": {
    "instructions": [
      {"temp$42 = staticinvoke <java.lang.Math: int min(int,int)>(rightGap, leftGap)": {
        "eline": 182,
        "epos": 11,
        "spos": 5,
        "sline": 182
      }},
      {"return temp$42": {
        "eline": 185,
        "epos": 37,
        "spos": 3,
        "sline": 185
      }}
    ],
    "preds": [
      1,
      18,
      19
    ],
    "succs": []
  },
  "2": {
    "instructions": [
      {"nextKey = null": {
        "eline": 165,
        "epos": 26,
        "spos": 4,
        "sline": 165
      }},
      {"temp$0 = index": {
        "eline": 166,
        "epos": 30,
        "spos": 8,
        "sline": 166
      }},
      {"temp$1 = this.<LeafNode: java.util.List keys>": {
        "eline": 166,
        "epos": 23,
        "spos": 20,
        "sline": 166
      }},
      {"temp$2 = interfaceinvoke temp$1.<java.util.List: int size()>()": {
        "eline": 166,
        "epos": 23,
        "spos": 20,
        "sline": 166
      }},
      {"temp$3 = temp$0 + 1": {
        "eline": 166,
        "epos": 23,
        "spos": 20,
        "sline": 166
      }},
      {"if temp$3 < temp$2 goto block_4 #1": {
        "eline": 166,
        "epos": 23,
        "ifpos": "(165, 3)-(165, 30)",
        "spos": 20,
        "sline": 166
      }}
    ],
    "preds": [0],
    "succs": [
      3,
      4
    ]
  },
  "1": {
    "instructions": [{"goto block_20": {
      "eline": 163,
      "epos": 16,
      "spos": 7,
      "sline": 163
    }}],
    "preds": [0],
    "succs": [20]
  },
  "10": {
    "instructions": [
      {"temp$14 = this.<LeafNode: java.util.List keys>": {
        "eline": 172,
        "epos": 38,
        "spos": 35,
        "sline": 172
      }},
      {"temp$15 = interfaceinvoke temp$14.<java.util.List: java.lang.Object get(int)>(index)": {
        "eline": 172,
        "epos": 38,
        "spos": 35,
        "sline": 172
      }},
      {"temp$16 = (java.lang.Integer) temp$15": {
        "eline": 172,
        "epos": 38,
        "spos": 35,
        "sline": 172
      }},
      {"temp$17 = virtualinvoke temp$16.<java.lang.Integer: int intValue()>()": {
        "eline": 172,
        "epos": 38,
        "spos": 35,
        "sline": 172
      }},
      {"temp$18 = virtualinvoke nextKey.<java.lang.Integer: int intValue()>()": {
        "eline": 172,
        "epos": 38,
        "spos": 35,
        "sline": 172
      }},
      {"temp$19 = temp$17 - temp$18": {
        "eline": 172,
        "epos": 38,
        "spos": 35,
        "sline": 172
      }},
      {"temp$20 = staticinvoke <java.lang.Math: int abs(int)>(temp$19)": {
        "eline": 172,
        "epos": 38,
        "spos": 35,
        "sline": 172
      }},
      {"rightGap = temp$20": {
        "eline": 172,
        "epos": 12,
        "spos": 5,
        "sline": 172
      }}
    ],
    "preds": [8],
    "succs": [11]
  },
  "0": {
    "instructions": [
      {"leftGap = 2147483647": {
        "eline": 161,
        "epos": 33,
        "spos": 3,
        "sline": 161
      }},
      {"rightGap = 2147483647": {
        "eline": 161,
        "epos": 63,
        "spos": 36,
        "sline": 161
      }},
      {"if index >= 0 goto block_2 #0": {
        "eline": 163,
        "epos": 16,
        "ifpos": "(162, 2)-(162, 16)",
        "spos": 7,
        "sline": 163
      }}
    ],
    "preds": [],
    "succs": [
      1,
      2
    ]
  },
  "7": {
    "instructions": [
      {"temp$10 = this.<LeafNode: LeafNode next>": {
        "eline": 169,
        "epos": 18,
        "spos": 15,
        "sline": 169
      }},
      {"temp$11 = temp$10.<LeafNode: java.util.List keys>": {
        "eline": 169,
        "epos": 18,
        "spos": 15,
        "sline": 169
      }},
      {"temp$12 = interfaceinvoke temp$11.<java.util.List: java.lang.Object get(int)>(0)": {
        "eline": 169,
        "epos": 18,
        "spos": 15,
        "sline": 169
      }},
      {"temp$13 = (java.lang.Integer) temp$12": {
        "eline": 169,
        "epos": 18,
        "spos": 15,
        "sline": 169
      }},
      {"nextKey = temp$13": {
        "eline": 169,
        "epos": 11,
        "spos": 5,
        "sline": 169
      }}
    ],
    "preds": [5],
    "succs": [8]
  },
  "6": {
    "instructions": [{"goto block_8": {
      "eline": 168,
      "epos": 16,
      "spos": 13,
      "sline": 168
    }}],
    "preds": [5],
    "succs": [8]
  },
  "5": {
    "instructions": [
      {"temp$9 = this.<LeafNode: LeafNode next>": {
        "eline": 168,
        "epos": 16,
        "spos": 13,
        "sline": 168
      }},
      {"if temp$9 != null goto block_7 #2": {
        "eline": 168,
        "epos": 16,
        "ifpos": "(167, 8)-(167, 24)",
        "spos": 13,
        "sline": 168
      }}
    ],
    "preds": [3],
    "succs": [
      6,
      7
    ]
  },
  "4": {
    "instructions": [
      {"temp$4 = this.<LeafNode: java.util.List keys>": {
        "eline": 167,
        "epos": 18,
        "spos": 15,
        "sline": 167
      }},
      {"temp$5 = index": {
        "eline": 167,
        "epos": 18,
        "spos": 15,
        "sline": 167
      }},
      {"temp$6 = temp$5 + 1": {
        "eline": 167,
        "epos": 18,
        "spos": 15,
        "sline": 167
      }},
      {"temp$7 = interfaceinvoke temp$4.<java.util.List: java.lang.Object get(int)>(temp$6)": {
        "eline": 167,
        "epos": 18,
        "spos": 15,
        "sline": 167
      }},
      {"temp$8 = (java.lang.Integer) temp$7": {
        "eline": 167,
        "epos": 18,
        "spos": 15,
        "sline": 167
      }},
      {"nextKey = temp$8": {
        "eline": 167,
        "epos": 11,
        "spos": 5,
        "sline": 167
      }},
      {"goto block_8": {
        "eline": 169,
        "epos": 31,
        "spos": 4,
        "sline": 166
      }}
    ],
    "preds": [2],
    "succs": [8]
  },
  "9": {
    "instructions": [{"goto block_11": {
      "eline": 171,
      "epos": 22,
      "spos": 8,
      "sline": 171
    }}],
    "preds": [8],
    "succs": [11]
  },
  "8": {
    "instructions": [{"if nextKey != null goto block_10 #3": {
      "eline": 171,
      "epos": 22,
      "ifpos": "(170, 3)-(170, 22)",
      "spos": 8,
      "sline": 171
    }}],
    "preds": [
      4,
      6,
      7
    ],
    "succs": [
      9,
      10
    ]
  }
}