{
  "3": {
    "instructions": [
      {"temp$4 = new java.lang.StringBuffer": {
        "eline": 226,
        "epos": 37,
        "spos": 4,
        "sline": 226
      }},
      {"specialinvoke temp$4.<java.lang.StringBuffer: void <init>()>()": {
        "eline": 226,
        "epos": 35,
        "spos": 14,
        "sline": 226
      }},
      {"temp$5 = this.<LeafNode: java.util.List keys>": {
        "eline": 226,
        "epos": 17,
        "spos": 14,
        "sline": 226
      }},
      {"temp$6 = interfaceinvoke temp$5.<java.util.List: java.lang.Object get(int)>(i)": {
        "eline": 226,
        "epos": 17,
        "spos": 14,
        "sline": 226
      }},
      {"temp$7 = (java.lang.Integer) temp$6": {
        "eline": 226,
        "epos": 17,
        "spos": 14,
        "sline": 226
      }},
      {"virtualinvoke temp$4.<java.lang.StringBuffer: java.lang.StringBuffer append(java.lang.Object)>(temp$7)": {
        "eline": 226,
        "epos": 17,
        "spos": 14,
        "sline": 226
      }},
      {"virtualinvoke temp$4.<java.lang.StringBuffer: java.lang.StringBuffer append(java.lang.Object)>(\",\")": {
        "eline": 226,
        "epos": 35,
        "spos": 14,
        "sline": 226
      }},
      {"temp$8 = virtualinvoke temp$4.<java.lang.StringBuffer: java.lang.String toString()>()": {
        "eline": 226,
        "epos": 35,
        "spos": 14,
        "sline": 226
      }},
      {"virtualinvoke sb.<java.lang.StringBuilder: java.lang.StringBuilder append(java.lang.String)>(temp$8)": {
        "eline": 226,
        "epos": 35,
        "spos": 14,
        "sline": 226
      }},
      {"temp$10 = i": {
        "eline": 225,
        "epos": 47,
        "spos": 45,
        "sline": 225
      }},
      {"temp$11 = temp$10 + 1": {
        "eline": 225,
        "epos": 45,
        "spos": 45,
        "sline": 225
      }},
      {"i = temp$11": {
        "eline": 225,
        "epos": 45,
        "spos": 45,
        "sline": 225
      }},
      {"goto block_1": {
        "eline": 227,
        "epos": 3,
        "spos": 3,
        "sline": 225
      }}
    ],
    "preds": [1],
    "succs": [1]
  },
  "2": {
    "instructions": [{"goto block_4": {
      "eline": 225,
      "epos": 26,
      "spos": 23,
      "sline": 225
    }}],
    "preds": [1],
    "succs": [4]
  },
  "1": {
    "instructions": [
      {"temp$1 = this.<LeafNode: java.util.List keys>": {
        "eline": 225,
        "epos": 26,
        "spos": 23,
        "sline": 225
      }},
      {"temp$2 = interfaceinvoke temp$1.<java.util.List: int size()>()": {
        "eline": 225,
        "epos": 26,
        "spos": 23,
        "sline": 225
      }},
      {"temp$3 = temp$2 - 1": {
        "eline": 225,
        "epos": 26,
        "spos": 23,
        "sline": 225
      }},
      {"if i < temp$3 goto block_3 #0": {
        "eline": 225,
        "epos": 26,
        "ifpos": "(224, 16)-(224, 42)",
        "spos": 23,
        "sline": 225
      }}
    ],
    "preds": [
      0,
      3
    ],
    "succs": [
      2,
      3
    ]
  },
  "0": {
    "instructions": [
      {"temp$0 = new java.lang.StringBuilder": {
        "eline": 223,
        "epos": 41,
        "spos": 3,
        "sline": 223
      }},
      {"specialinvoke temp$0.<java.lang.StringBuilder: void <init>()>()": {
        "eline": 223,
        "epos": 40,
        "spos": 22,
        "sline": 223
      }},
      {"sb = temp$0": {
        "eline": 223,
        "epos": 40,
        "spos": 22,
        "sline": 223
      }},
      {"i = 0": {
        "eline": 225,
        "epos": 16,
        "spos": 8,
        "sline": 225
      }}
    ],
    "preds": [],
    "succs": [1]
  },
  "4": {
    "instructions": [
      {"temp$12 = this.<LeafNode: java.util.List keys>": {
        "eline": 228,
        "epos": 16,
        "spos": 13,
        "sline": 228
      }},
      {"temp$13 = this.<LeafNode: java.util.List keys>": {
        "eline": 228,
        "epos": 30,
        "spos": 27,
        "sline": 228
      }},
      {"temp$14 = interfaceinvoke temp$13.<java.util.List: int size()>()": {
        "eline": 228,
        "epos": 30,
        "spos": 27,
        "sline": 228
      }},
      {"temp$15 = temp$14 - 1": {
        "eline": 228,
        "epos": 30,
        "spos": 27,
        "sline": 228
      }},
      {"temp$16 = interfaceinvoke temp$12.<java.util.List: java.lang.Object get(int)>(temp$15)": {
        "eline": 228,
        "epos": 30,
        "spos": 27,
        "sline": 228
      }},
      {"temp$17 = (java.lang.Integer) temp$16": {
        "eline": 228,
        "epos": 30,
        "spos": 27,
        "sline": 228
      }},
      {"virtualinvoke sb.<java.lang.StringBuilder: java.lang.StringBuilder append(java.lang.Object)>(temp$17)": {
        "eline": 228,
        "epos": 30,
        "spos": 27,
        "sline": 228
      }},
      {"temp$19 = virtualinvoke sb.<java.lang.StringBuilder: java.lang.String toString()>()": {
        "eline": 228,
        "epos": 30,
        "spos": 27,
        "sline": 228
      }},
      {"return temp$19": {
        "eline": 230,
        "epos": 23,
        "spos": 3,
        "sline": 230
      }}
    ],
    "preds": [2],
    "succs": []
  }
}