{"0": {
  "instructions": [
    {"temp$0 = virtualinvoke this.<LeafNode: int findLessThanOrEqualToKey(int)>(key)": {
      "eline": 82,
      "epos": 64,
      "spos": 36,
      "sline": 82
    }},
    {"temp$1 = virtualinvoke this.<LeafNode: InsertionResult insertNonFull(int,java.lang.Object,int)>(key, value, temp$0)": {
      "eline": 82,
      "epos": 64,
      "spos": 36,
      "sline": 82
    }},
    {"return temp$1": {
      "eline": 82,
      "epos": 66,
      "spos": 3,
      "sline": 82
    }}
  ],
  "preds": [],
  "succs": []
}}