{"0": {
  "instructions": [
    {"temp$0 = this.<LeafNode: java.util.List keys>": {
      "eline": 57,
      "epos": 13,
      "spos": 10,
      "sline": 57
    }},
    {"temp$1 = staticinvoke <java.lang.Integer: java.lang.Integer valueOf(int)>(key)": {
      "eline": 57,
      "epos": 13,
      "spos": 10,
      "sline": 57
    }},
    {"temp$2 = interfaceinvoke temp$0.<java.util.List: int indexOf(java.lang.Object)>(temp$1)": {
      "eline": 57,
      "epos": 13,
      "spos": 10,
      "sline": 57
    }},
    {"return temp$2": {
      "eline": 57,
      "epos": 27,
      "spos": 3,
      "sline": 57
    }}
  ],
  "preds": [],
  "succs": []
}}