{
  "temp$15": {"4": [4]},
  "temp$11": {"3": [3]},
  "temp$12": {"4": [4]},
  "temp$13": {"4": [4]},
  "temp$14": {"4": [4]},
  "i": {
    "3": [
      0,
      3
    ],
    "1": [
      0,
      3
    ]
  },
  "temp$1": {"0": [0]},
  "temp$0": {"0": [0]},
  "temp$3": {"0": [0]},
  "temp$2": {"0": [0]},
  "temp$5": {"3": [3]},
  "temp$4": {"3": [3]},
  "temp$7": {"3": [3]},
  "temp$6": {"3": [3]},
  "sb": {
    "3": [0],
    "4": [0]
  },
  "temp$8": {"3": [3]},
  "temp$10": {"3": [3]},
  "this": {
    "3": [0],
    "0": [0]
  }
}