{
  "3": {
    "instructions": [
      {"temp$3 = null": {
        "reliable": false,
        "eline": 71,
        "epos": 28,
        "spos": 4,
        "sline": 71
      }},
      {"return temp$3": {
        "eline": 73,
        "epos": 15,
        "spos": 4,
        "sline": 73
      }}
    ],
    "preds": [1],
    "succs": []
  },
  "2": {
    "instructions": [
      {"temp$1 = this.<LeafNode: java.util.List values>": {
        "eline": 71,
        "epos": 16,
        "spos": 11,
        "sline": 71
      }},
      {"temp$2 = interfaceinvoke temp$1.<java.util.List: java.lang.Object get(int)>(index)": {
        "eline": 71,
        "epos": 16,
        "spos": 11,
        "sline": 71
      }},
      {"return temp$2": {
        "eline": 71,
        "epos": 28,
        "spos": 4,
        "sline": 71
      }}
    ],
    "preds": [0],
    "succs": []
  },
  "1": {
    "instructions": [{"goto block_3": {
      "eline": 70,
      "epos": 17,
      "spos": 7,
      "sline": 70
    }}],
    "preds": [0],
    "succs": [3]
  },
  "0": {
    "instructions": [
      {"temp$0 = virtualinvoke this.<LeafNode: int order(int)>(key)": {
        "eline": 67,
        "epos": 24,
        "spos": 15,
        "sline": 67
      }},
      {"index = temp$0": {
        "eline": 67,
        "epos": 24,
        "spos": 15,
        "sline": 67
      }},
      {"if index != -1 goto block_2 #0": {
        "eline": 70,
        "epos": 17,
        "ifpos": "(69, 2)-(69, 17)",
        "spos": 7,
        "sline": 70
      }}
    ],
    "preds": [],
    "succs": [
      1,
      2
    ]
  }
}