{"0": {
  "instructions": [
    {"specialinvoke this.<Node: void <init>(int)>(totalKeys)": {
      "eline": 20,
      "epos": 19,
      "spos": 3,
      "sline": 20
    }},
    {"temp$0 = new java.util.ArrayList": {
      "eline": 21,
      "epos": 8,
      "spos": 3,
      "sline": 21
    }},
    {"temp$1 = this.<LeafNode: int t>": {
      "eline": 21,
      "epos": 33,
      "spos": 33,
      "sline": 21
    }},
    {"temp$2 = temp$1 - 1": {
      "eline": 21,
      "epos": 33,
      "spos": 33,
      "sline": 21
    }},
    {"specialinvoke temp$0.<java.util.ArrayList: void <init>(int)>(temp$2)": {
      "eline": 21,
      "epos": 38,
      "spos": 12,
      "sline": 21
    }},
    {"this.<LeafNode: java.util.List values> = temp$0": {
      "eline": 21,
      "epos": 8,
      "spos": 3,
      "sline": 21
    }},
    {"return": {
      "eline": 21,
      "epos": 8,
      "spos": 3,
      "sline": 21
    }}
  ],
  "preds": [],
  "succs": []
}}