{
  "temp$53": {"23": [23]},
  "temp$15": {"7": [7]},
  "to": {
    "13": [
      10,
      22
    ],
    "11": [
      10,
      22
    ]
  },
  "temp$54": {"25": [25]},
  "temp$16": {"7": [7]},
  "temp$51": {"23": [23]},
  "temp$17": {"7": [7]},
  "temp$52": {"23": [23]},
  "temp$18": {"7": [7]},
  "temp$11": {"4": [4]},
  "temp$50": {"23": [23]},
  "temp$12": {"5": [5]},
  "temp$13": {"5": [5]},
  "temp$14": {"7": [7]},
  "temp$19": {"9": [9]},
  "temp$10": {"4": [4]},
  "temp$56": {"28": [28]},
  "key": {
    "20": [0],
    "2": [0],
    "7": [0],
    "17": [0],
    "23": [0],
    "15": [0]
  },
  "temp$55": {"25": [25]},
  "temp$40": {"17": [17]},
  "temp$41": {"19": [19]},
  "temp$42": {"19": [19]},
  "temp$43": {"20": [20]},
  "temp$49": {"23": [23]},
  "temp$48": {"22": [22]},
  "temp$45": {"20": [20]},
  "temp$44": {"20": [20]},
  "this": {
    "20": [0],
    "2": [0],
    "10": [0],
    "0": [0],
    "7": [0],
    "5": [0],
    "4": [0],
    "17": [0],
    "23": [0],
    "15": [0],
    "13": [0]
  },
  "temp$47": {"20": [20]},
  "temp$46": {"20": [20]},
  "temp$31": {"15": [15]},
  "temp$32": {"15": [15]},
  "temp$30": {"15": [15]},
  "from": {
    "13": [
      10,
      25
    ],
    "11": [
      10,
      25
    ]
  },
  "temp$36": {"17": [17]},
  "temp$35": {"17": [17]},
  "temp$34": {"17": [17]},
  "temp$33": {"15": [15]},
  "temp$39": {"17": [17]},
  "temp$38": {"17": [17]},
  "temp$37": {"17": [17]},
  "temp$20": {"10": [10]},
  "temp$21": {"10": [10]},
  "temp$1": {"0": [0]},
  "temp$0": {"0": [0]},
  "temp$3": {"2": [2]},
  "temp$2": {"2": [2]},
  "temp$5": {"2": [2]},
  "temp$4": {"2": [2]},
  "temp$7": {"2": [2]},
  "temp$6": {"2": [2]},
  "temp$9": {"2": [2]},
  "temp$23": {"13": [13]},
  "temp$8": {"2": [2]},
  "temp$22": {"10": [10]},
  "temp$25": {"13": [13]},
  "temp$24": {"13": [13]},
  "mid": {
    "20": [13],
    "19": [13],
    "22": [13],
    "17": [13],
    "23": [13],
    "15": [13],
    "25": [13],
    "26": [13],
    "13": [13]
  },
  "temp$27": {"13": [13]},
  "temp$26": {"13": [13]},
  "temp$29": {"15": [15]},
  "temp$28": {"13": [13]}
}