{"0": {
  "instructions": [
    {"specialinvoke this.<java.lang.Object: void <init>()>()": {}},
    {"this.<Node: int t> = totalKeys": {
      "eline": 17,
      "epos": 3,
      "spos": 3,
      "sline": 17
    }},
    {"temp$0 = new java.util.ArrayList": {
      "eline": 18,
      "epos": 6,
      "spos": 3,
      "sline": 18
    }},
    {"temp$1 = this.<Node: int t>": {
      "eline": 18,
      "epos": 33,
      "spos": 33,
      "sline": 18
    }},
    {"temp$2 = temp$1 - 1": {
      "eline": 18,
      "epos": 33,
      "spos": 33,
      "sline": 18
    }},
    {"specialinvoke temp$0.<java.util.ArrayList: void <init>(int)>(temp$2)": {
      "eline": 18,
      "epos": 38,
      "spos": 10,
      "sline": 18
    }},
    {"this.<Node: java.util.List keys> = temp$0": {
      "eline": 18,
      "epos": 6,
      "spos": 3,
      "sline": 18
    }},
    {"return": {
      "eline": 18,
      "epos": 6,
      "spos": 3,
      "sline": 18
    }}
  ],
  "preds": [],
  "succs": []
}}