{
  "19": {
    "instructions": [
      {"temp$41 = mid": {
        "eline": 70,
        "epos": 73,
        "spos": 70,
        "sline": 70
      }},
      {"temp$42 = temp$41 + 1": {
        "eline": 70,
        "epos": 73,
        "spos": 70,
        "sline": 70
      }},
      {"return temp$42": {
        "eline": 71,
        "epos": 20,
        "spos": 6,
        "sline": 71
      }}
    ],
    "preds": [17],
    "succs": []
  },
  "17": {
    "instructions": [
      {"temp$34 = this.<Node: java.util.List keys>": {
        "eline": 70,
        "epos": 73,
        "spos": 70,
        "sline": 70
      }},
      {"temp$35 = mid": {
        "eline": 70,
        "epos": 73,
        "spos": 70,
        "sline": 70
      }},
      {"temp$36 = temp$35 + 1": {
        "eline": 70,
        "epos": 73,
        "spos": 70,
        "sline": 70
      }},
      {"temp$37 = interfaceinvoke temp$34.<java.util.List: java.lang.Object get(int)>(temp$36)": {
        "eline": 70,
        "epos": 73,
        "spos": 70,
        "sline": 70
      }},
      {"temp$38 = (java.lang.Integer) temp$37": {
        "eline": 70,
        "epos": 73,
        "spos": 70,
        "sline": 70
      }},
      {"temp$39 = staticinvoke <java.lang.Integer: java.lang.Integer valueOf(int)>(key)": {
        "eline": 70,
        "epos": 73,
        "spos": 70,
        "sline": 70
      }},
      {"temp$40 = virtualinvoke temp$38.<java.lang.Integer: int compareTo(java.lang.Integer)>(temp$39)": {
        "eline": 70,
        "epos": 73,
        "spos": 70,
        "sline": 70
      }},
      {"if temp$40 > 0 goto block_19 #3": {
        "eline": 70,
        "epos": 73,
        "ifpos": "(69, 4)-(69, 105)",
        "spos": 70,
        "sline": 70
      }}
    ],
    "preds": [15],
    "succs": [
      18,
      19
    ]
  },
  "18": {
    "instructions": [{"goto block_20": {
      "eline": 70,
      "epos": 73,
      "spos": 70,
      "sline": 70
    }}],
    "preds": [17],
    "succs": [20]
  },
  "15": {
    "instructions": [
      {"temp$29 = this.<Node: java.util.List keys>": {
        "eline": 70,
        "epos": 37,
        "spos": 34,
        "sline": 70
      }},
      {"temp$30 = interfaceinvoke temp$29.<java.util.List: java.lang.Object get(int)>(mid)": {
        "eline": 70,
        "epos": 37,
        "spos": 34,
        "sline": 70
      }},
      {"temp$31 = (java.lang.Integer) temp$30": {
        "eline": 70,
        "epos": 37,
        "spos": 34,
        "sline": 70
      }},
      {"temp$32 = staticinvoke <java.lang.Integer: java.lang.Integer valueOf(int)>(key)": {
        "eline": 70,
        "epos": 37,
        "spos": 34,
        "sline": 70
      }},
      {"temp$33 = virtualinvoke temp$31.<java.lang.Integer: int compareTo(java.lang.Integer)>(temp$32)": {
        "eline": 70,
        "epos": 37,
        "spos": 34,
        "sline": 70
      }},
      {"if temp$33 < 0 goto block_17 #3": {
        "eline": 70,
        "epos": 37,
        "ifpos": "(69, 4)-(69, 105)",
        "spos": 34,
        "sline": 70
      }}
    ],
    "preds": [13],
    "succs": [
      16,
      17
    ]
  },
  "16": {
    "instructions": [{"goto block_20": {
      "eline": 70,
      "epos": 37,
      "spos": 34,
      "sline": 70
    }}],
    "preds": [15],
    "succs": [20]
  },
  "13": {
    "instructions": [
      {"temp$23 = from": {
        "eline": 68,
        "epos": 30,
        "spos": 5,
        "sline": 68
      }},
      {"temp$24 = temp$23 + to": {
        "eline": 68,
        "epos": 30,
        "spos": 5,
        "sline": 68
      }},
      {"temp$25 = temp$24 / 2": {
        "eline": 68,
        "epos": 30,
        "spos": 5,
        "sline": 68
      }},
      {"mid = temp$25": {
        "eline": 68,
        "epos": 30,
        "spos": 5,
        "sline": 68
      }},
      {"temp$26 = this.<Node: java.util.List keys>": {
        "eline": 70,
        "epos": 18,
        "spos": 15,
        "sline": 70
      }},
      {"temp$27 = interfaceinvoke temp$26.<java.util.List: int size()>()": {
        "eline": 70,
        "epos": 18,
        "spos": 15,
        "sline": 70
      }},
      {"temp$28 = temp$27 - 1": {
        "eline": 70,
        "epos": 18,
        "spos": 15,
        "sline": 70
      }},
      {"if mid < temp$28 goto block_15 #3": {
        "eline": 70,
        "epos": 18,
        "ifpos": "(69, 4)-(69, 105)",
        "spos": 15,
        "sline": 70
      }}
    ],
    "preds": [11],
    "succs": [
      14,
      15
    ]
  },
  "14": {
    "instructions": [{"goto block_20": {
      "eline": 70,
      "epos": 18,
      "spos": 15,
      "sline": 70
    }}],
    "preds": [13],
    "succs": [20]
  },
  "11": {
    "instructions": [{"if from <= to goto block_13 #2": {
      "eline": 67,
      "epos": 20,
      "ifpos": "(66, 3)-(66, 20)",
      "spos": 11,
      "sline": 67
    }}],
    "preds": [
      10,
      27
    ],
    "succs": [
      12,
      13
    ]
  },
  "12": {
    "instructions": [{"goto block_28": {
      "eline": 67,
      "epos": 20,
      "spos": 11,
      "sline": 67
    }}],
    "preds": [11],
    "succs": [28]
  },
  "21": {
    "instructions": [{"goto block_23": {
      "eline": 72,
      "epos": 17,
      "spos": 14,
      "sline": 72
    }}],
    "preds": [20],
    "succs": [23]
  },
  "20": {
    "instructions": [
      {"temp$43 = this.<Node: java.util.List keys>": {
        "eline": 72,
        "epos": 17,
        "spos": 14,
        "sline": 72
      }},
      {"temp$44 = interfaceinvoke temp$43.<java.util.List: java.lang.Object get(int)>(mid)": {
        "eline": 72,
        "epos": 17,
        "spos": 14,
        "sline": 72
      }},
      {"temp$45 = (java.lang.Integer) temp$44": {
        "eline": 72,
        "epos": 17,
        "spos": 14,
        "sline": 72
      }},
      {"temp$46 = staticinvoke <java.lang.Integer: java.lang.Integer valueOf(int)>(key)": {
        "eline": 72,
        "epos": 17,
        "spos": 14,
        "sline": 72
      }},
      {"temp$47 = virtualinvoke temp$45.<java.lang.Integer: int compareTo(java.lang.Integer)>(temp$46)": {
        "eline": 72,
        "epos": 17,
        "spos": 14,
        "sline": 72
      }},
      {"if temp$47 > 0 goto block_22 #4": {
        "eline": 72,
        "epos": 17,
        "ifpos": "(71, 9)-(71, 45)",
        "spos": 14,
        "sline": 72
      }}
    ],
    "preds": [
      14,
      16,
      18
    ],
    "succs": [
      21,
      22
    ]
  },
  "22": {
    "instructions": [
      {"temp$48 = mid - 1": {
        "eline": 73,
        "epos": 18,
        "spos": 6,
        "sline": 73
      }},
      {"to = temp$48": {
        "eline": 73,
        "epos": 7,
        "spos": 6,
        "sline": 73
      }},
      {"goto block_27": {
        "eline": 77,
        "epos": 16,
        "spos": 10,
        "sline": 72
      }}
    ],
    "preds": [20],
    "succs": [27]
  },
  "23": {
    "instructions": [
      {"temp$49 = this.<Node: java.util.List keys>": {
        "eline": 74,
        "epos": 17,
        "spos": 14,
        "sline": 74
      }},
      {"temp$50 = interfaceinvoke temp$49.<java.util.List: java.lang.Object get(int)>(mid)": {
        "eline": 74,
        "epos": 17,
        "spos": 14,
        "sline": 74
      }},
      {"temp$51 = (java.lang.Integer) temp$50": {
        "eline": 74,
        "epos": 17,
        "spos": 14,
        "sline": 74
      }},
      {"temp$52 = staticinvoke <java.lang.Integer: java.lang.Integer valueOf(int)>(key)": {
        "eline": 74,
        "epos": 17,
        "spos": 14,
        "sline": 74
      }},
      {"temp$53 = virtualinvoke temp$51.<java.lang.Integer: int compareTo(java.lang.Integer)>(temp$52)": {
        "eline": 74,
        "epos": 17,
        "spos": 14,
        "sline": 74
      }},
      {"if temp$53 < 0 goto block_25 #5": {
        "eline": 74,
        "epos": 17,
        "ifpos": "(73, 9)-(73, 45)",
        "spos": 14,
        "sline": 74
      }}
    ],
    "preds": [21],
    "succs": [
      24,
      25
    ]
  },
  "24": {
    "instructions": [{"goto block_26": {
      "eline": 74,
      "epos": 17,
      "spos": 14,
      "sline": 74
    }}],
    "preds": [23],
    "succs": [26]
  },
  "25": {
    "instructions": [
      {"temp$54 = mid": {
        "eline": 75,
        "epos": 20,
        "spos": 6,
        "sline": 75
      }},
      {"temp$55 = temp$54 + 1": {
        "eline": 75,
        "epos": 20,
        "spos": 6,
        "sline": 75
      }},
      {"from = temp$55": {
        "eline": 75,
        "epos": 9,
        "spos": 6,
        "sline": 75
      }},
      {"goto block_27": {
        "eline": 77,
        "epos": 16,
        "spos": 10,
        "sline": 74
      }}
    ],
    "preds": [23],
    "succs": [27]
  },
  "26": {
    "instructions": [{"return mid": {
      "eline": 77,
      "epos": 16,
      "spos": 6,
      "sline": 77
    }}],
    "preds": [24],
    "succs": []
  },
  "27": {
    "instructions": [{"goto block_11": {
      "eline": 78,
      "epos": 4,
      "spos": 4,
      "sline": 67
    }}],
    "preds": [
      22,
      25
    ],
    "succs": [11]
  },
  "28": {
    "instructions": [
      {"temp$56 = -1": {
        "reliable": false,
        "eline": 78,
        "epos": 4,
        "spos": 4,
        "sline": 67
      }},
      {"return temp$56": {
        "eline": 81,
        "epos": 12,
        "spos": 3,
        "sline": 81
      }}
    ],
    "preds": [12],
    "succs": []
  },
  "3": {
    "instructions": [{"goto block_5": {
      "eline": 55,
      "epos": 38,
      "spos": 35,
      "sline": 55
    }}],
    "preds": [2],
    "succs": [5]
  },
  "2": {
    "instructions": [
      {"temp$2 = this.<Node: java.util.List keys>": {
        "eline": 55,
        "epos": 29,
        "spos": 26,
        "sline": 55
      }},
      {"temp$3 = this.<Node: java.util.List keys>": {
        "eline": 55,
        "epos": 38,
        "spos": 35,
        "sline": 55
      }},
      {"temp$4 = interfaceinvoke temp$3.<java.util.List: int size()>()": {
        "eline": 55,
        "epos": 38,
        "spos": 35,
        "sline": 55
      }},
      {"temp$5 = temp$4 - 1": {
        "eline": 55,
        "epos": 38,
        "spos": 35,
        "sline": 55
      }},
      {"temp$6 = interfaceinvoke temp$2.<java.util.List: java.lang.Object get(int)>(temp$5)": {
        "eline": 55,
        "epos": 38,
        "spos": 35,
        "sline": 55
      }},
      {"temp$7 = (java.lang.Integer) temp$6": {
        "eline": 55,
        "epos": 38,
        "spos": 35,
        "sline": 55
      }},
      {"temp$8 = staticinvoke <java.lang.Integer: java.lang.Integer valueOf(int)>(key)": {
        "eline": 55,
        "epos": 38,
        "spos": 35,
        "sline": 55
      }},
      {"temp$9 = virtualinvoke temp$7.<java.lang.Integer: int compareTo(java.lang.Integer)>(temp$8)": {
        "eline": 55,
        "epos": 38,
        "spos": 35,
        "sline": 55
      }},
      {"if temp$9 < 0 goto block_4 #0": {
        "eline": 55,
        "epos": 38,
        "ifpos": "(54, 2)-(54, 69)",
        "spos": 35,
        "sline": 55
      }}
    ],
    "preds": [0],
    "succs": [
      3,
      4
    ]
  },
  "10": {
    "instructions": [
      {"from = 0": {
        "eline": 64,
        "epos": 16,
        "spos": 4,
        "sline": 64
      }},
      {"temp$20 = this.<Node: java.util.List keys>": {
        "eline": 65,
        "epos": 16,
        "spos": 13,
        "sline": 65
      }},
      {"temp$21 = interfaceinvoke temp$20.<java.util.List: int size()>()": {
        "eline": 65,
        "epos": 16,
        "spos": 13,
        "sline": 65
      }},
      {"temp$22 = temp$21 - 1": {
        "eline": 65,
        "epos": 16,
        "spos": 13,
        "sline": 65
      }},
      {"to = temp$22": {
        "eline": 65,
        "epos": 16,
        "spos": 13,
        "sline": 65
      }}
    ],
    "preds": [
      6,
      8
    ],
    "succs": [11]
  },
  "1": {
    "instructions": [{"goto block_5": {
      "eline": 55,
      "epos": 10,
      "spos": 7,
      "sline": 55
    }}],
    "preds": [0],
    "succs": [5]
  },
  "0": {
    "instructions": [
      {"temp$0 = this.<Node: java.util.List keys>": {
        "eline": 55,
        "epos": 10,
        "spos": 7,
        "sline": 55
      }},
      {"temp$1 = interfaceinvoke temp$0.<java.util.List: int size()>()": {
        "eline": 55,
        "epos": 10,
        "spos": 7,
        "sline": 55
      }},
      {"if temp$1 > 0 goto block_2 #0": {
        "eline": 55,
        "epos": 10,
        "ifpos": "(54, 2)-(54, 69)",
        "spos": 7,
        "sline": 55
      }}
    ],
    "preds": [],
    "succs": [
      1,
      2
    ]
  },
  "7": {
    "instructions": [
      {"temp$14 = this.<Node: java.util.List keys>": {
        "eline": 60,
        "epos": 34,
        "spos": 31,
        "sline": 60
      }},
      {"temp$15 = interfaceinvoke temp$14.<java.util.List: java.lang.Object get(int)>(0)": {
        "eline": 60,
        "epos": 34,
        "spos": 31,
        "sline": 60
      }},
      {"temp$16 = (java.lang.Integer) temp$15": {
        "eline": 60,
        "epos": 34,
        "spos": 31,
        "sline": 60
      }},
      {"temp$17 = staticinvoke <java.lang.Integer: java.lang.Integer valueOf(int)>(key)": {
        "eline": 60,
        "epos": 34,
        "spos": 31,
        "sline": 60
      }},
      {"temp$18 = virtualinvoke temp$16.<java.lang.Integer: int compareTo(java.lang.Integer)>(temp$17)": {
        "eline": 60,
        "epos": 34,
        "spos": 31,
        "sline": 60
      }},
      {"if temp$18 >= 0 goto block_9 #1": {
        "eline": 60,
        "epos": 34,
        "ifpos": "(59, 7)-(59, 61)",
        "spos": 31,
        "sline": 60
      }}
    ],
    "preds": [5],
    "succs": [
      8,
      9
    ]
  },
  "6": {
    "instructions": [{"goto block_10": {
      "eline": 60,
      "epos": 15,
      "spos": 12,
      "sline": 60
    }}],
    "preds": [5],
    "succs": [10]
  },
  "5": {
    "instructions": [
      {"temp$12 = this.<Node: java.util.List keys>": {
        "eline": 60,
        "epos": 15,
        "spos": 12,
        "sline": 60
      }},
      {"temp$13 = interfaceinvoke temp$12.<java.util.List: int size()>()": {
        "eline": 60,
        "epos": 15,
        "spos": 12,
        "sline": 60
      }},
      {"if temp$13 > 0 goto block_7 #1": {
        "eline": 60,
        "epos": 15,
        "ifpos": "(59, 7)-(59, 61)",
        "spos": 12,
        "sline": 60
      }}
    ],
    "preds": [
      1,
      3
    ],
    "succs": [
      6,
      7
    ]
  },
  "4": {
    "instructions": [
      {"temp$10 = this.<Node: java.util.List keys>": {
        "eline": 56,
        "epos": 14,
        "spos": 11,
        "sline": 56
      }},
      {"temp$11 = interfaceinvoke temp$10.<java.util.List: int size()>()": {
        "eline": 56,
        "epos": 14,
        "spos": 11,
        "sline": 56
      }},
      {"return temp$11": {
        "eline": 56,
        "epos": 22,
        "spos": 4,
        "sline": 56
      }}
    ],
    "preds": [2],
    "succs": []
  },
  "9": {
    "instructions": [
      {"temp$19 = 0": {
        "reliable": false,
        "eline": 60,
        "epos": 34,
        "spos": 31,
        "sline": 60
      }},
      {"return temp$19": {
        "eline": 61,
        "epos": 12,
        "spos": 4,
        "sline": 61
      }}
    ],
    "preds": [7],
    "succs": []
  },
  "8": {
    "instructions": [{"goto block_10": {
      "eline": 60,
      "epos": 34,
      "spos": 31,
      "sline": 60
    }}],
    "preds": [7],
    "succs": [10]
  }
}